山名<山頂名>,都道府県,所在等,標高,緯度経度,三角点名等,備考
しれとこだけ,,,,,,
知床岳,北海道,知床・阿寒,1254m,44°14′09″,,
145°16′26″,知床岬　,　,,,,
いおうざん,,,,,,
硫黄山,北海道,知床・阿寒,1562m,44°08′00″,,
145°09′41″,硫黄山　,　,,,,
ちえんべつだけ,,,,,,
知円別岳,北海道,知床・阿寒,1544m,44°07′29″,,
145°10′07″,標高点　,　,,,,
さしるいだけ,,,,,,
サシルイ岳,北海道,知床・阿寒,1564m,44°05′43″,,
145°08′37″,標高点　,　,,,,
らうすだけ,,,,,,
羅臼岳,北海道,知床・阿寒,1661m,44°04′33″,,
145°07′20″,測定点　,Ｈ26三角点標高改訂に伴う標高改訂　,,,,
おんねべつだけ,,,,,,
遠音別岳,北海道,知床・阿寒,1330m,43°59′36″,,
145°00′48″,遠音別岳　,Ｈ20三角点標高改訂　,,,,
うなべつだけ,,,,,,
海別岳,北海道,知床・阿寒,1419m,43°52′37″,,
144°52′36″,海別岳　,　,,,,
しゃりだけ,,,,,,
斜里岳,北海道,知床・阿寒,1547m,43°45′56″,,
144°43′04″,標高点　,　,,,,
しべつだけ,,,,,,
標津岳,北海道,知床・阿寒,1061m,43°40′05″,,
144°42′18″,標高点　,　,,,,
もことやま,,,,,,
藻琴山,北海道,知床・阿寒,1000m,43°42′16″,,
144°19′52″,藻琴山　,　,,,,
あとさぬぷり（いおうざん）,,,,,,
アトサヌプリ（硫黄山）,北海道,知床・阿寒,508m,43°36′37″,,
144°26′19″,標高点　,Ｈ13地形図改測に伴う標高改訂　,,,,
かむいぬぷり（ましゅうだけ）,,,,,,
カムイヌプリ（摩周岳）,北海道,知床・阿寒,857m,43°34′20″,,
144°33′39″,標高点　,　,,,,
おあかんだけ,,,,,,
雄阿寒岳,北海道,知床・阿寒,1370m,43°27′15″,,
144°09′53″,雄阿寒岳　,　,,,,
めあかんだけ,,,,,,
雌阿寒岳,北海道,知床・阿寒,1499m,43°23′11″,,
144°00′31″,標高点　,　,,,,
めあかんだけ<あかんふじ>,,,,,,
雌阿寒岳<阿寒富士>,北海道,知床・阿寒,1476m,43°22′27″,,
144°00′23″,阿寒富士　,　,,,,
うこたきぬぷり,,,,,,
ウコタキヌプリ,北海道,白糠丘陵,747m,43°12′30″,,
143°47′51″,標高点　,　,,,,
れぶんだけ,,,,,,
礼文岳,北海道,礼文・利尻,490m,45°22′21″,,
141°00′57″,礼文岳　,　,,,,
りしりざん（りしりふじ）,,,,,,
利尻山（利尻富士）,北海道,礼文・利尻,1721m,45°10′43″,,
141°14′31″,標高点　,　,,,,
ぽろしりやま,,,,,,
幌尻山,北海道,宗谷丘陵,427m,45°09′56″,,
142°00′31″,幌尻山　,　,,,,
ぱんけざん,,,,,,
パンケ山,北海道,宗谷丘陵,632m,44°51′25″,,
142°08′59″,下沢岳　,　,,,,
ぽろぬぷりざん,,,,,,
ポロヌプリ山,北海道,北見山地,841m,44°57′42″,,
142°25′13″,標高点　,　,,,,
びんねしりだけ,,,,,,
敏音知岳,北海道,北見山地,703m,44°53′35″,,
142°14′04″,浜峰尻　,　,,,,
はこだけ,,,,,,
函岳,北海道,北見山地,1129m,44°39′57″,,
142°24′44″,函岳　,　,,,,
ぴやしりやま,,,,,,
ピヤシリ山,北海道,北見山地,987m,44°26′01″,,
142°35′03″,飛鏃岳　,　,,,,
うつだけ,,,,,,
欝岳,北海道,北見山地,818m,44°17′30″,,
143°04′57″,欝岳　,　,,,,
うぇんしりだけ,,,,,,
ウェンシリ岳,北海道,北見山地,1142m,44°13′44″,,
142°52′35″,察来岳　,　,,,,
しょこつだけ,,,,,,
渚滑岳,北海道,北見山地,1345m,44°02′25″,,
142°55′03″,渚滑岳　,　,,,,
てしおだけ,,,,,,
天塩岳,北海道,北見山地,1558m,43°57′52″,,
142°53′17″,天塩岳　,　,,,,
ちとかにうしやま,,,,,,
チトカニウシ山,北海道,北見山地,1446m,43°54′24″,,
143°02′55″,千登蟹山　,　,,,,
にころやま,,,,,,
仁頃山,北海道,北見山地,829m,43°52′42″,,
143°43′06″,似頃山　,　,,,,
にせいかうしゅっぺやま,,,,,,
ニセイカウシュッペ山,北海道,石狩山地,1883m,43°46′48″,,
142°59′07″,標高点　,ニセイカウシュペ山　,,,,
むりいだけ,,,,,,
武利岳,北海道,石狩山地,1876m,43°43′59″,,
143°10′35″,無類山　,　,,,,
むかやま,,,,,,
武華山,北海道,石狩山地,1759m,43°42′21″,,
143°09′38″,大山　,　,,,,
きたみふじ,,,,,,
北見富士,北海道,石狩山地,1291m,43°41′37″,,
143°17′45″,三角山　,　,,,,
たいせつざん<あさひだけ>,,,,,,
大雪山<旭岳>,北海道,石狩山地,2291m,43°39′49″,,
142°51′15″,瓊多窟　,Ｈ20三角点標高改訂　,,,,
たいせつざん<くろだけ>,,,,,,
大雪山<黒岳>,北海道,石狩山地,1984m,43°41′51″,,
142°55′13″,温泉岳　,　,,,,
たいせつざん<ほくちんだけ>,,,,,,
大雪山<北鎮岳>,北海道,石狩山地,2244m,43°41′34″,,
142°52′47″,標高点　,　,,,,
たいせつざん<あいべつだけ>,,,,,,
大雪山<愛別岳>,北海道,石狩山地,2113m,43°42′28″,,
142°51′26″,三方崩　,Ｈ20三角点標高改訂　,,,,
たいせつざん<はくうんだけ>,,,,,,
大雪山<白雲岳>,北海道,石狩山地,2230m,43°39′40″,,
142°54′21″,大石狩岳　,　,,,,
ちゅうべつだけ,,,,,,
忠別岳,北海道,石狩山地,1963m,43°35′28″,,
142°53′40″,忠別岳　,　,,,,
とむらうしやま,,,,,,
トムラウシ山,北海道,石狩山地,2141m,43°31′38″,,
142°50′56″,富良牛山　,　,,,,
おぷたてしけやま,,,,,,
オプタテシケ山,北海道,石狩山地,2013m,43°28′13″,,
142°45′06″,美瑛岳　,Ｈ26三角点標高改訂　,,,,
びえいだけ,,,,,,
美瑛岳,北海道,石狩山地,2052m,43°26′24″,,
142°42′24″,　,　,,,,
とかちだけ,,,,,,
十勝岳,北海道,石狩山地,2077m,43°25′04″,,
142°41′11″,標高点　,　,,,,
かみほろかめっとくやま,,,,,,
上ホロカメットク山,北海道,石狩山地,1920m,43°24′18″,,
142°40′18″,標高点　,　,,,,
ふらのだけ,,,,,,
富良野岳,北海道,石狩山地,1912m,43°23′37″,,
142°38′06″,神女徳岳　,　,,,,
みくにやま,,,,,,
三国山,北海道,石狩山地,1541m,43°35′43″,,
143°08′47″,三国嶺　,　,,,,
いしかりだけ,,,,,,
石狩岳,北海道,石狩山地,1967m,43°32′48″,,
143°01′20″,標高点　,　,,,,
おとふけやま,,,,,,
音更山,北海道,石狩山地,1932m,43°33′42″,,
143°02′07″,音更山　,　,,,,
にぺそつやま,,,,,,
ニペソツ山,北海道,石狩山地,2013m,43°27′21″,,
143°01′56″,標高点　,　,,,,
うぺぺさんけやま,,,,,,
ウペペサンケ山,北海道,石狩山地,1848m,43°23′22″,,
143°04′55″,標高点　,　,,,,
ひがしぬぷかうしぬぷり,,,,,,
東ヌプカウシヌプリ,北海道,石狩山地,1252m,43°14′45″,,
143°06′08″,奴深牛　,　,,,,
さほろだけ,,,,,,
佐幌岳,北海道,石狩山地,1060m,43°10′24″,,
142°46′52″,佐織岳　,Ｈ20三角点標高改訂　,,,,
にしくまねしりだけ,,,,,,
西クマネシリ岳,北海道,石狩山地,1635m,43°31′09″,,
143°14′00″,標高点　,　,,,,
ひがしみくにやま,,,,,,
東三国山,北海道,石狩山地,1230m,43°30′30″,,
143°27′49″,幌加美里　,　,,,,
きとうしやま,,,,,,
喜登牛山,北海道,石狩山地,1312m,43°26′52″,,
143°27′23″,鬼頭牛山　,　,,,,
ぴっしりざん,,,,,,
ピッシリ山,北海道,天塩山地,1032m,44°21′20″,,
142°01′55″,比後岳　,　,,,,
さんとうさん,,,,,,
三頭山,北海道,天塩山地,1009m,44°05′30″,,
142°05′09″,三頭山　,　,,,,
ぽろしりやま,,,,,,
ポロシリ山,北海道,天塩山地,730m,43°57′45″,,
141°50′10″,翁居岳　,Ｈ20三角点標高改訂　,,,,
しょかんべつだけ,,,,,,
暑寒別岳,北海道,増毛山地,1492m,43°42′57″,,
141°31′23″,暑寒岳　,Ｈ20三角点標高改訂　,,,,
くんべつだけ,,,,,,
群別岳,北海道,増毛山地,1376m,43°41′05″,,
141°29′16″,群別岳　,山名（よみ）訂正　,,,,
ぴんねしり,,,,,,
ピンネシリ,北海道,増毛山地,1100m,43°29′31″,,
141°42′24″,賓根知山　,　,,,,
いるむけっぷやま,,,,,,
イルムケップ山,北海道,夕張山地,864m,43°37′45″,,
142°06′37″,三又山　,Ｈ20三角点標高改訂　,,,,
ふらのにしだけ,,,,,,
富良野西岳,北海道,夕張山地,1331m,43°18′33″,,
142°18′42″,下富良野　,　,,,,
あしべつだけ,,,,,,
芦別岳,北海道,夕張山地,1726m,43°14′09″,,
142°17′01″,礼振岳　,　,,,,
いくしゅんべつだけ,,,,,,
幾春別岳,北海道,夕張山地,1068m,43°13′37″,,
142°09′34″,標高点　,　,,,,
ゆうばりだけ,,,,,,
夕張岳,北海道,夕張山地,1668m,43°05′59″,,
142°15′04″,夕張岳　,　,,,,
はったおまないだけ,,,,,,
ハッタオマナイ岳,北海道,夕張山地,1021m,42°50′49″,,
142°18′47″,辺富内　,　,,,,
とまむさん,,,,,,
トマム山,北海道,日高山脈,1239m,43°04′43″,,
142°35′46″,苫鵡山　,　,,,,
めむろだけ,,,,,,
芽室岳,北海道,日高山脈,1754m,42°52′08″,,
142°47′07″,芽室岳　,　,,,,
つるぎやま,,,,,,
剣山,北海道,日高山脈,1205m,42°50′55″,,
142°53′06″,江遠念　,　,,,,
ちろろだけ,,,,,,
チロロ岳,北海道,日高山脈,1880m,42°49′32″,,
142°40′31″,千呂露岳　,　,,,,
ぴぱいろだけ,,,,,,
ピパイロ岳,北海道,日高山脈,1916m,42°46′23″,,
142°43′39″,戸蔦別岳　,Ｈ26三角点標高改訂　,,,,
とったべつだけ,,,,,,
戸蔦別岳,北海道,日高山脈,1959m,42°44′19″,,
142°41′42″,標高点　,　,,,,
ぽろしりだけ,,,,,,
幌尻岳,北海道,日高山脈,2052m,42°43′10″,,
142°40′58″,幌尻　,Ｈ26三角点標高改訂　,,,,
えさおまんとったべつだけ,,,,,,
エサオマントッタベツ岳,北海道,日高山脈,1902m,42°41′21″,,
142°45′28″,標高点　,　,,,,
さつないだけ,,,,,,
札内岳,北海道,日高山脈,1895m,42°41′38″,,
142°47′48″,札内岳　,Ｈ26三角点標高改訂　,,,,
とかちぽろしりだけ,,,,,,
十勝幌尻岳,北海道,日高山脈,1846m,42°41′44″,,
142°51′34″,幌後岳　,十勝ポロシリ岳　,,,,
いどんなっぷだけ,,,,,,
イドンナップ岳,北海道,日高山脈,1752m,42°37′49″,,
142°38′55″,標高点　,　,,,,
かむいえくうちかうしやま,,,,,,
カムイエクウチカウシ山,北海道,日高山脈,1979m,42°37′30″,,
142°45′59″,札内岳　,Ｈ26三角点標高改訂　,,,,
いっぱさんきゅうほう,,,,,,
１８３９峰,北海道,日高山脈,1842m,42°32′22″,,
142°48′29″,標高点　,　,,,,
ぺてがりだけ,,,,,,
ペテガリ岳,北海道,日高山脈,1736m,42°29′58″,,
142°52′16″,辺天狩岳　,　,,,,
なかのだけ,,,,,,
中ノ岳,北海道,日高山脈,1519m,42°28′05″,,
142°53′04″,標高点　,　,,,,
かむいだけ,,,,,,
神威岳,北海道,日高山脈,1600m,42°25′42″,,
142°54′25″,神居奴振　,　,,,,
ぴりかぬぷり,,,,,,
ピリカヌプリ,北海道,日高山脈,1631m,42°24′08″,,
142°58′00″,奴振　,　,,,,
らっこだけ,,,,,,
楽古岳,北海道,日高山脈,1471m,42°16′21″,,
143°06′40″,面射岳　,Ｈ20三角点標高改訂　,,,,
とよにだけ,,,,,,
豊似岳,北海道,日高山脈,1105m,42°04′37″,,
143°13′59″,豊似山Ⅰ　,　,,,,
あぽいだけ,,,,,,
アポイ岳,北海道,日高山脈,810m,42°06′28″,,
143°01′32″,冬島　,Ｈ20三角点標高改訂　,,,,
もいわやま,,,,,,
藻岩山,北海道,支笏・洞爺・積丹,531m,43°01′21″,,
141°19′20″,藻岩山　,　,,,,
ていねやま,,,,,,
手稲山,北海道,支笏・洞爺・積丹,1023m,43°04′36″,,
141°11′33″,手稲山　,Ｈ20三角点標高改訂　,,,,
よいちだけ,,,,,,
余市岳,北海道,支笏・洞爺・積丹,1488m,43°01′58″,,
141°01′11″,余市岳　,　,,,,
ぽんくとさん,,,,,,
本倶登山,北海道,支笏・洞爺・積丹,1009m,42°57′19″,,
140°54′45″,本倶登山　,　,,,,
むいねやま,,,,,,
無意根山,北海道,支笏・洞爺・積丹,1464m,42°55′51″,,
141°02′26″,標高点　,　,,,,
さっぽろだけ,,,,,,
札幌岳,北海道,支笏・洞爺・積丹,1293m,42°54′01″,,
141°12′02″,札幌岳　,　,,,,
そらぬまだけ,,,,,,
空沼岳,北海道,支笏・洞爺・積丹,1251m,42°51′54″,,
141°15′13″,標高点　,　,,,,
えにわだけ,,,,,,
恵庭岳,北海道,支笏・洞爺・積丹,1320m,42°47′36″,,
141°17′07″,恵庭岳　,　,,,,
ふっぷしだけ,,,,,,
風不死岳,北海道,支笏・洞爺・積丹,1102m,42°43′01″,,
141°21′32″,風不止　,Ｈ20三角点標高改訂　,,,,
たるまえさん,,,,,,
樽前山,北海道,支笏・洞爺・積丹,1041m,42°41′26″,,
141°22′36″,標高点　,　,,,,
ほろほろやま,,,,,,
ホロホロ山,北海道,支笏・洞爺・積丹,1322m,42°38′01″,,
141°08′33″,徳心別山　,　,,,,
よべつだけ,,,,,,
余別岳,北海道,支笏・洞爺・積丹,1298m,43°15′36″,,
140°27′33″,余別岳　,　,,,,
てんぐだけ,,,,,,
天狗岳,北海道,支笏・洞爺・積丹,872m,43°11′05″,,
140°39′39″,天狗岳　,　,,,,
らいでんやま,,,,,,
雷電山,北海道,支笏・洞爺・積丹,1211m,42°54′13″,,
140°28′11″,雷電岳　,Ｈ20三角点標高改訂　,,,,
めくんないだけ,,,,,,
目国内岳,北海道,支笏・洞爺・積丹,1220m,42°53′59″,,
140°30′55″,標高点　,　,,,,
にせこあんぬぷり,,,,,,
ニセコアンヌプリ,北海道,支笏・洞爺・積丹,1308m,42°52′30″,,
140°39′32″,似古安岳　,　,,,,
ようていざん（えぞふじ）,,,,,,
羊蹄山（蝦夷富士）,北海道,支笏・洞爺・積丹,1898m,42°49′36″,,
140°48′41″,標高点　,後方羊蹄山（しりべしやま）　マッカリヌプリ　,,,,
しりべつだけ,,,,,,
尻別岳,北海道,支笏・洞爺・積丹,1107m,42°46′21″,,
140°54′37″,後別岳　,　,,,,
ぬっきべつやま,,,,,,
貫気別山,北海道,支笏・洞爺・積丹,994m,42°42′36″,,
140°55′22″,風防留山　,Ｈ20三角点標高改訂　,,,,
こんぶだけ,,,,,,
昆布岳,北海道,支笏・洞爺・積丹,1045m,42°42′37″,,
140°39′20″,昆布岳　,　,,,,
しょうわしんざん,,,,,,
昭和新山,北海道,支笏・洞爺・積丹,398m,42°32′33″,,
140°51′52″,標高点　,　,,,,
うすざん<おおうす>,,,,,,
有珠山<大有珠>,北海道,支笏・洞爺・積丹,733m,42°32′38″,,
140°50′21″,標高点　,　,,,,
ほろづきやま,,,,,,
母衣月山,北海道,渡島半島,504m,42°46′12″,,
140°12′54″,幌月山　,Ｈ20三角点標高改訂　,,,,
おおびらやま,,,,,,
大平山,北海道,渡島半島,1191m,42°38′09″,,
140°08′08″,大平山　,　,,,,
かりばやま,,,,,,
狩場山,北海道,渡島半島,1520m,42°36′48″,,
139°56′26″,狩場岳　,　,,,,
けなしやま,,,,,,
毛無山,北海道,渡島半島,816m,42°17′43″,,
139°48′38″,標高点　,　,,,,
ゆうらっぷだけ（けんいちだけ）,,,,,,
遊楽部岳（見市岳）,北海道,渡島半島,1277m,42°13′09″,,
140°00′38″,標高点　,　,,,,
おとべだけ,,,,,,
乙部岳,北海道,渡島半島,1017m,42°02′22″,,
140°16′29″,乙部岳　,　,,,,
こまがたけ<けんがみね>,,,,,,
駒ヶ岳<剣ヶ峯>,北海道,渡島半島,1131m,42°03′48″,,
140°40′38″,標高点　,　,,,,
よこつだけ,,,,,,
横津岳,北海道,渡島半島,1167m,41°56′16″,,
140°46′17″,標高点　,　,,,,
えさん,,,,,,
恵山,北海道,渡島半島,618m,41°48′17″,,
141°09′58″,恵山　,　,,,,
はこだてやま,,,,,,
函館山,北海道,渡島半島,334m,41°45′32″,,
140°42′15″,標高点　,　,,,,
はちまんだけ,,,,,,
八幡岳,北海道,渡島半島,665m,41°51′07″,,
140°13′48″,八幡岳　,Ｈ20三角点標高改訂　,,,,
かつらだけ,,,,,,
桂岳,北海道,渡島半島,734m,41°47′21″,,
140°27′52″,桂岳　,　,,,,
ななつだけ,,,,,,
七ッ岳,北海道,渡島半島,957m,41°37′27″,,
140°12′51″,七ツ岳　,　,,,,
だいせんげんだけ,,,,,,
大千軒岳,北海道,渡島半島,1072m,41°34′46″,,
140°09′39″,千軒岳　,　,,,,
いわべだけ,,,,,,
岩部岳,北海道,渡島半島,794m,41°31′38″,,
140°18′39″,岩部岳　,　,,,,
かむいやま,,,,,,
神威山,北海道,奥尻島,584m,42°09′37″,,
139°26′34″,標高点　,　,,,,
えらだけ,,,,,,
江良岳,北海道,渡島大島,732m,41°30′36″,,
139°22′02″,大島　,　,,,,
ひうちだけ,,,,,,
燧岳,青森県,下北半島,781m,41°26′21″,,
141°03′11″,燧岳　,　,,,,
かまふせやま,,,,,,
釜臥山,青森県,下北半島（恐山山地）,878m,41°16′43″,,
141°07′12″,釜臥山　,Ｈ22三角点標高改訂　,,,,
くわはたやま,,,,,,
桑畑山,青森県,下北半島,400m,41°23′15″,,
141°26′27″,尻屋山　,　,,,,
ふっこしえぼし,,,,,,
吹越烏帽子,青森県,下北半島,508m,41°02′15″,,
141°19′02″,吹越山　,　,,,,
まるやがただけ,,,,,,
丸屋形岳,青森県,津軽半島,718m,41°09′10″,,
140°35′12″,丸山　,　,,,,
よつだきやま,,,,,,
四ッ滝山,青森県,津軽半島,670m,41°07′18″,,
140°24′02″,桂川岳　,　,,,,
ぼんじゅさん,,,,,,
梵珠山,青森県,津軽半島,468m,40°47′59″,,
140°34′32″,梵珠山　,　,,,,
はしかみだけ（たねいちだけ）,,,,,,
階上岳（種市岳）,青森県 岩手県,北上高地,739m,40°24′03″,,
141°35′04″,階上岳　,Ｈ22三角点標高改訂　,,,,
なくいだけ,,,,,,
名久井岳,青森県,北上高地,615m,40°23′17″,,
141°18′30″,名久井岳　,　,,,,
おりつめだけ,,,,,,
折爪岳,岩手県,北上高地,852m,40°16′08″,,
141°22′28″,折詰岳　,　,,,,
あっかもり,,,,,,
安家森,岩手県,北上高地,1239m,40°02′17″,,
141°32′28″,遠別岳　,　,,,,
とおしまやま,,,,,,
遠島山,岩手県,北上高地,1262m,40°01′14″,,
141°38′39″,遠島山　,Ｈ22三角点標高改訂　,,,,
みすごだけ,,,,,,
三巣子岳,岩手県,北上高地,1181m,39°54′00″,,
141°29′08″,明神頭　,Ｈ26三角点標高改訂　,,,,
ひめかみさん,,,,,,
姫神山,岩手県,北上高地,1124m,39°50′39″,,
141°14′49″,姫神岳　,　,,,,
さかいのかみだけ,,,,,,
堺ノ神岳,岩手県,北上高地,1319m,39°45′01″,,
141°37′35″,明神　,　,,,,
がいたかもり,,,,,,
害鷹森,岩手県,北上高地,1304m,39°42′42″,,
141°36′16″,野津辺　,　,,,,
あおまつばやま,,,,,,
青松葉山,岩手県,北上高地,1365m,39°41′51″,,
141°29′01″,青松葉山　,Ｈ23三角点標高改訂　,,,,
とうげのかみやま,,,,,,
峠ノ神山,岩手県,北上高地,1229m,39°43′37″,,
141°46′52″,亀ケ森山　,Ｈ22三角点標高改訂　,,,,
はやちねさん,,,,,,
早池峰山,岩手県,北上高地,1917m,39°33′31″,,
141°29′19″,標高点　,　,,,,
やくしだけ,,,,,,
薬師岳,岩手県,北上高地,1645m,39°31′48″,,
141°29′45″,薬師岳　,　,,,,
じゅうにしんざん,,,,,,
十二神山,岩手県,北上高地,731m,39°32′19″,,
141°58′30″,十二神山　,　,,,,
ろっこうしさん,,,,,,
六角牛山,岩手県,北上高地,1293m,39°19′06″,,
141°39′01″,六角牛山　,Ｈ23三角点標高改訂　,,,,
ごようざん,,,,,,
五葉山,岩手県,北上高地,1351m,39°12′19″,,
141°43′56″,標高点　,　,,,,
ものみやま,,,,,,
物見山,岩手県,北上高地,870m,39°12′04″,,
141°24′06″,種山　,Ｈ22三角点標高改訂　,,,,
ひかみさん,,,,,,
氷上山,岩手県,北上高地,874m,39°03′32″,,
141°39′38″,氷上山　,Ｈ22三角点標高改訂　,,,,
むろねさん,,,,,,
室根山,岩手県,北上高地,895m,38°58′31″,,
141°26′50″,室根山　,　,,,,
とくせんじょうやま,,,,,,
徳仙丈山,宮城県,北上高地,710m,38°50′54″,,
141°28′12″,津谷　,Ｈ23三角点標高改訂　,,,,
きんかさん,,,,,,
金華山,宮城県,北上高地,444m,38°17′43″,,
141°34′00″,金華山　,Ｈ23三角点標高改訂　,,,,
はっこうださん<おおだけ>,,,,,,
八甲田山<大岳>,青森県,奥羽山脈北部（八甲田山とその周辺）,1585m,40°39′32″,,
140°52′38″,八甲田山　,Ｈ22三角点標高改訂　,,,,
はっこうださん<たかだおおだけ>,,,,,,
八甲田山<高田大岳>,青森県,奥羽山脈北部（八甲田山とその周辺）,1552m,40°39′10″,,
140°54′30″,標高点　,　,,,,
くしがみね（かみだけ）,,,,,,
櫛ヶ峯（上岳）,青森県,奥羽山脈北部（八甲田山とその周辺）,1517m,40°36′11″,,
140°50′33″,櫛ケ峰　,Ｈ22三角点標高改訂　,,,,
へらいだけ<みつだけ>,,,,,,
戸来岳<三ッ岳>,青森県,奥羽山脈北部（八甲田山とその周辺）,1159m,40°27′11″,,
141°00′05″,戸来嶽　,Ｈ26三角点標高改訂　,,,,
しろじやま,,,,,,
白地山,秋田県,奥羽山脈北部（八甲田山とその周辺）,1034m,40°26′50″,,
140°47′17″,白地山　,　,,,,
なかだけ,,,,,,
中岳,秋田県 岩手県,奥羽山脈北部,1024m,40°14′46″,,
140°56′40″,中岳　,ちゅうだけ　,,,,
いなにわだけ,,,,,,
稲庭岳,岩手県,奥羽山脈北部,1078m,40°11′55″,,
141°02′46″,稲庭岳　,　,,,,
ごのみやだけ,,,,,,
五ノ宮嶽,秋田県,奥羽山脈北部,1115m,40°08′45″,,
140°50′45″,五ノ宮　,　,,,,
ななしぐれやま,,,,,,
七時雨山,岩手県,奥羽山脈北部,1063m,40°04′09″,,
141°06′20″,標高点　,　,,,,
もりよしざん,,,,,,
森吉山,秋田県,奥羽山脈北部,1454m,39°58′36″,,
140°32′39″,森吉山　,　,,,,
やけやま,,,,,,
焼山,秋田県,奥羽山脈北部,1366m,39°57′50″,,
140°45′25″,焼山　,　,,,,
はちまんたい,,,,,,
八幡平,岩手県,奥羽山脈北部,1613m,39°57′28″,,
140°51′15″,八幡平　,Ｈ23三角点標高改訂　,,,,
はちまんたい<ちゃうすだけ>,,,,,,
八幡平<茶臼岳>,岩手県,奥羽山脈北部,1578m,39°57′03″,,
140°53′56″,茶臼岳　,　,,,,
はちまんたい<もっこだけ>,,,,,,
八幡平<畚岳>,秋田県,奥羽山脈北部,1578m,39°56′09″,,
140°51′02″,小引岳　,　,,,,
おおふかだけ,,,,,,
大深岳,岩手県 秋田県,奥羽山脈北部,1541m,39°52′52″,,
140°52′47″,大深岳　,Ｈ23三角点標高改訂　,,,,
いわてさん,,,,,,
岩手山,岩手県,奥羽山脈北部,2038m,39°51′09″,,
141°00′04″,岩手山　,　,,,,
えぼしだけ（にゅうとうざん）,,,,,,
烏帽子岳（乳頭山）,岩手県 秋田県,奥羽山脈北部,1478m,39°48′18″,,
140°50′19″,標高点　,　,,,,
こまがたけ<おなめだけ>,,,,,,
駒ヶ岳<男女岳>,秋田県,奥羽山脈北部,1637m,39°45′40″,,
140°47′58″,駒ケ岳　,　,,,,
いわきさん,,,,,,
岩木山,青森県,白神山地,1625m,40°39′21″,,
140°18′11″,岩木山　,　,,,,
むかいしらかみだけ,,,,,,
向白神岳,青森県,白神山地,1250m,40°31′26″,,
140°02′44″,標高点　,　,,,,
しらかみだけ,,,,,,
白神岳,青森県,白神山地,1235m,40°30′27″,,
140°01′06″,標高点　,　,,,,
ふたつもり,,,,,,
二ッ森,青森県 秋田県,白神山地,1086m,40°26′06″,,
140°07′04″,泊岳　,Ｈ26三角点標高改訂　,,,,
こまがたけ,,,,,,
駒ヶ岳,秋田県,白神山地,1158m,40°24′46″,,
140°15′04″,駒ケ岳　,藤里駒ヶ岳（ふじさとこまがたけ）　,,,,
たしろだけ,,,,,,
田代岳,秋田県,白神山地,1178m,40°25′43″,,
140°24′32″,田代山　,　,,,,
ぼうじゅうさん,,,,,,
房住山,秋田県,出羽山地,409m,40°03′38″,,
140°12′58″,孫一長峰　,　,,,,
たいへいざん,,,,,,
太平山,秋田県,出羽山地,1170m,39°47′49″,,
140°18′38″,太平山　,Ｈ26三角点標高改訂　,,,,
だいぶつだけ,,,,,,
大仏岳,秋田県,出羽山地,1167m,39°48′49″,,
140°30′56″,大佛岳　,　,,,,
とうこうさん,,,,,,
東光山,秋田県,出羽山地,594m,39°24′23″,,
140°09′42″,標高点　,　,,,,
やしおやま,,,,,,
八塩山,秋田県,出羽山地,713m,39°14′12″,,
140°13′40″,大八汐　,　,,,,
ちょうかいざん<しんざん>,,,,,,
鳥海山<新山>,山形県,出羽山地,2236m,39°05′57″,,
140°02′56″,測定点　,　,,,,
ひのとだけ,,,,,,
丁岳,秋田県 山形県,出羽山地,1146m,39°01′55″,,
140°13′10″,丁岳　,　,,,,
こしきやま<おとここしきやま>,,,,,,
甑山<男甑山>,山形県,出羽山地,981m,39°00′43″,,
140°18′38″,母子鬼山　,　,,,,
[かぶやま]<おかぶやま>,,,,,,
[加無山]<男加無山>,山形県,出羽山地,997m,39°00′34″,,
140°15′37″,加無　,　,,,,
かんぷうざん,,,,,,
寒風山,秋田県,男鹿半島,355m,39°56′01″,,
139°52′31″,寒風山　,　,,,,
ほんざん,,,,,,
本山,秋田県,男鹿半島,715m,39°54′25″,,
139°45′14″,男鹿島　,　,,,,
あずまねやま,,,,,,
東根山,岩手県,奥羽山脈中部,928m,39°35′15″,,
141°03′35″,東根山　,　,,,,
わがだけ,,,,,,
和賀岳,岩手県 秋田県,奥羽山脈中部,1439m,39°34′13″,,
140°45′15″,和賀嶽　,Ｈ26三角点標高改訂　,,,,
まひるだけ,,,,,,
真昼岳,岩手県 秋田県,奥羽山脈中部,1059m,39°26′52″,,
140°40′36″,真昼岳　,Ｈ26三角点標高改訂　,,,,
くろもり,,,,,,
黒森,岩手県,奥羽山脈中部,944m,39°20′54″,,
140°52′06″,和黒森山　,Ｈ22三角点標高改訂　,,,,
やけいしだけ,,,,,,
焼石岳,岩手県,奥羽山脈中部,1547m,39°09′49″,,
140°49′44″,焼石岳　,Ｈ23三角点標高改訂　,,,,
くりこまやま,,,,,,
栗駒山,岩手県 宮城県,奥羽山脈中部,1626m,38°57′39″,,
140°47′18″,酢川岳　,須川岳（すかわだけ）　Ｈ26三角点標高改訂　,,,,
たかまつだけ,,,,,,
高松岳,秋田県,奥羽山脈中部,1348m,38°58′03″,,
140°36′23″,標高点　,　,,,,
とらげさん,,,,,,
虎毛山,秋田県,奥羽山脈中部,1433m,38°54′17″,,
140°37′08″,須金岳　,　,,,,
あらおだけ,,,,,,
荒雄岳,宮城県,奥羽山脈中部,984m,38°49′59″,,
140°41′30″,荒雄岳　,　,,,,
かむろさん,,,,,,
神室山,秋田県 山形県,奥羽山脈中部,1365m,38°54′08″,,
140°29′32″,神室山　,　,,,,
ひうちだけ,,,,,,
火打岳,山形県,奥羽山脈中部,1238m,38°50′25″,,
140°26′55″,火打岳　,　,,,,
もくぞうやま,,,,,,
杢蔵山,山形県,奥羽山脈中部,1026m,38°47′22″,,
140°24′05″,木葛岳　,Ｈ21三角点標高改訂　,,,,
かむろだけ（こかぶらやま）,,,,,,
禿岳（小鏑山）,山形県 宮城県,奥羽山脈中部,1261m,38°48′39″,,
140°35′42″,小鏑　,Ｈ23三角点標高改訂　,,,,
ののだけやま,,,,,,
箟岳山,宮城県,奥羽山脈南部,236m,38°33′57″,,
141°10′43″,標高点　,　,,,,
おおたかもり,,,,,,
大高森,宮城県,奥羽山脈南部,105m,38°20′26″,,
141°09′09″,大高森　,Ｈ15三角点改測　,,,,
おきなさん,,,,,,
翁山,山形県,奥羽山脈南部,1075m,38°39′03″,,
140°32′41″,翁峠　,山名変更：Ｈ25関係自治体からの申請による　,,,,
やくらいさん,,,,,,
,宮城県,奥羽山脈南部,553m,38°34′32″,,
140°42′19″,薬来山　,　,,,,
ふながたやま（ごしょざん）,,,,,,
船形山（御所山）,宮城県 山形県,奥羽山脈南部,1500m,38°27′20″,,
140°37′12″,舟形山　,　,,,,
いずみがたけ,,,,,,
泉ヶ岳,宮城県,奥羽山脈南部,1175m,38°24′43″,,
140°42′32″,測定点　,　,,,,
たいはくさん,,,,,,
太白山,宮城県,奥羽山脈南部,321m,38°14′06″,,
140°48′08″,生出森　,　,,,,
だいとうだけ,,,,,,
大東岳,宮城県,奥羽山脈南部,1365m,38°18′08″,,
140°31′25″,大東山　,おおあずまだけ　Ｈ26三角点標高改訂　,,,,
ざおうざん<くまのだけ>,,,,,,
蔵王山<熊野岳>,山形県,奥羽山脈南部（蔵王山とその周辺）,1841m,38°08′37″,,
140°26′24″,測定点　,　,,,,
ざおうざん<かっただけ>,,,,,,
蔵王山<刈田岳>,宮城県,奥羽山脈南部（蔵王山とその周辺）,1758m,38°07′40″,,
140°26′53″,刈田岳　,　,,,,
ざおうざん<びょうぶだけ>,,,,,,
蔵王山<>,宮城県,奥羽山脈南部（蔵王山とその周辺）,1825m,38°05′45″,,
140°28′34″,標高点　,　,,,,
ざおうざん<ふぼうさん（ごぜんだけ）>,,,,,,
蔵王山<不忘山（御前岳）>,宮城県,奥羽山脈南部（蔵王山とその周辺）,1705m,38°04′32″,,
140°28′44″,不忘山　,　,,,,
あおそやま,,,,,,
青麻山,宮城県,奥羽山脈南部（蔵王山とその周辺）,799m,38°05′05″,,
140°36′27″,青麻　,　,,,,
くりこやま,,,,,,
栗子山,福島県 山形県,奥羽山脈南部（吾妻山とその周辺）,1217m,37°52′28″,,
140°16′12″,栗子山　,　,,,,
しのぶやま,,,,,,
信夫山,福島県,奥羽山脈南部（吾妻山とその周辺）,275m,37°46′15″,,
140°27′42″,測定点　,　,,,,
にしあづまやま,,,,,,
西吾妻山,福島県 山形県,奥羽山脈南部（吾妻山とその周辺）,2035m,37°44′18″,,
140°08′27″,標高点　,　,,,,
にしあづまやま<にしだいてん>,,,,,,
西吾妻山<西大巓>,山形県 福島県,奥羽山脈南部（吾妻山とその周辺）,1982m,37°44′02″,,
140°07′40″,西吾妻山　,　,,,,
にしあづまやま<ひがしだいてん>,,,,,,
西吾妻山<東大巓>,福島県 山形県,奥羽山脈南部（吾妻山とその周辺）,1928m,37°45′16″,,
140°11′20″,小吾妻　,　,,,,
ひがしあづまやま,,,,,,
東吾妻山,福島県,奥羽山脈南部（吾妻山とその周辺）,1975m,37°42′42″,,
140°13′49″,東吾妻　,　,,,,
ひがしあづまやま<いっさいきょうざん>,,,,,,
東吾妻山<一切経山>,福島県,奥羽山脈南部（吾妻山とその周辺）,1949m,37°44′07″,,
140°14′40″,吾妻山　,　,,,,
ひがしあづまやま<あづまこふじ>,,,,,,
東吾妻山<吾妻小富士>,福島県,奥羽山脈南部（吾妻山とその周辺）,1707m,37°43′20″,,
140°15′49″,標高点　,　,,,,
みのわやま,,,,,,
箕輪山,福島県,奥羽山脈南部（吾妻山とその周辺）,1728m,37°38′50″,,
140°16′51″,標高点　,　,,,,
あだたらやま<てつざん>,,,,,,
安達太良山<鉄山>,福島県,奥羽山脈南部（吾妻山とその周辺）,1709m,37°37′59″,,
140°16′59″,測定点　,鉄山（くろがねやま）　Ｈ26三角点標高改訂に伴う標高改訂　,,,,
あだたらやま,,,,,,
安達太良山,福島県,奥羽山脈南部（吾妻山とその周辺）,1700m,37°37′16″,,
140°17′16″,大関平　,　,,,,
ばんだいさん,,,,,,
磐梯山,福島県,奥羽山脈南部（吾妻山とその周辺）,1816m,37°36′04″,,
140°04′20″,磐梯　,Ｈ22三角点再設置　,,,,
たかだてやま,,,,,,
高館山　,山形県,朝日山地,273m,38°45′47″,,
139°44′51″,高舘山　,Ｈ23三角点再設置　,,,,
きんぼうさん,,,,,,
金峰山,山形県,朝日山地,471m,38°40′56″,,
139°47′53″,標高点　,　,,,,
はぐろさん,,,,,,
羽黒山,山形県,朝日山地,414m,38°42′09″,,
139°58′58″,標高点　,　,,,,
がっさん,,,,,,
月山,山形県,朝日山地,1984m,38°32′56″,,
140°01′37″,標高点　,　,,,,
はやま,,,,,,
葉山,山形県,朝日山地,1462m,38°31′45″,,
140°12′38″,葉山　,　,,,,
あつみだけ,,,,,,
温海岳,山形県,朝日山地,736m,38°37′12″,,
139°37′51″,温海岳　,　,,,,
まやさん,,,,,,
摩耶山,山形県,朝日山地,1020m,38°31′13″,,
139°43′40″,麻耶山　,　,,,,
いとうだけ,,,,,,
以東岳,山形県 新潟県,朝日山地,1772m,38°20′35″,,
139°50′57″,以東ケ岳　,Ｈ22三角点標高改訂　,,,,
あさひだけ<おおあさひだけ>,,,,,,
朝日岳<大朝日岳>,山形県,朝日山地,1871m,38°15′38″,,
139°55′20″,朝日岳　,Ｈ22三角点標高改訂　,,,,
いわいがめやま,,,,,,
祝瓶山　,山形県,朝日山地,1417m,38°11′51″,,
139°52′47″,祝瓶山　,　,,,,
わしがすやま,,,,,,
鷲ヶ巣山,新潟県,朝日山地,1093m,38°13′19″,,
139°40′08″,鷲ケ巣山　,　,,,,
しんぼだけ,,,,,,
新保岳,新潟県,朝日山地,852m,38°21′40″,,
139°30′39″,新保岳　,　,,,,
しらたかやま,,,,,,
白鷹山,山形県,朝日山地,994m,38°13′22″,,
140°10′23″,標高点　,　,,,,
えぶりさしだけ,,,,,,
,新潟県,飯豊山地,1636m,37°56′33″,,
139°36′32″,　,　,,,,
きたまただけ,,,,,,
北股岳,新潟県 山形県,飯豊山地,2025m,37°52′48″,,
139°38′19″,梅花皮　,　,,,,
いいでさん,,,,,,
飯豊山,福島県,飯豊山地,2105m,37°51′17″,,
139°42′26″,飯豊山　,　,,,,
だいにちだけ,,,,,,
大日岳,新潟県,飯豊山地,2128m,37°49′58″,,
139°39′37″,標高点　,　,,,,
にのうじだけ,,,,,,
二王子岳,新潟県,飯豊山地,1420m,37°53′59″,,
139°29′57″,二王子岳　,　,,,,
ごずさん,,,,,,
五頭山,新潟県,飯豊山地,912m,37°48′04″,,
139°20′44″,小倉　,　,,,,
こうようざん,,,,,,
高陽山,福島県 新潟県,飯豊山地,1126m,37°43′45″,,
139°38′59″,高陽山　,Ｈ26三角点標高改訂　,,,,
いいもりさん,,,,,,
飯森山,山形県 福島県,飯豊山地,1595m,37°48′50″,,
139°55′32″,飯森山　,Ｈ26三角点標高改訂　,,,,
りょうぜん,,,,,,
霊山,福島県,阿武隈高地,825m,37°46′08″,,
140°41′15″,標高点　,標高は東ノ物見を示す　,,,,
ひやま（てんのうざん）,,,,,,
日山（天王山）,福島県,阿武隈高地,1057m,37°32′35″,,
140°41′01″,標高点　,　,,,,
かまくらだけ,,,,,,
鎌倉岳,福島県,阿武隈高地,967m,37°28′01″,,
140°41′20″,鎌倉岳　,　,,,,
おおたきねやま,,,,,,
大滝根山,福島県,阿武隈高地,1192m,37°21′18″,,
140°42′06″,大滝根山　,　,,,,
きっとやさん,,,,,,
屹兎屋山,福島県,阿武隈高地,875m,37°12′38″,,
140°52′03″,屹兎屋山　,　,,,,
よもぎだだけ,,,,,,
蓬田岳,福島県,阿武隈高地,952m,37°15′57″,,
140°32′05″,蓬田岳　,　,,,,
さんだいみょうじんやま,,,,,,
三大明神山,福島県,阿武隈高地,706m,37°03′07″,,
140°45′45″,標高点　,　,,,,
たつわれさん,,,,,,
竪破山,茨城県,阿武隈高地,658m,36°42′39″,,
140°33′44″,立割山　,たてわれさん　,,,,
なんたいさん,,,,,,
男体山,茨城県,阿武隈高地,654m,36°43′27″,,
140°25′11″,頃藤　,　,,,,
たかすずやま,,,,,,
高鈴山,茨城県,阿武隈高地,623m,36°37′16″,,
140°35′16″,高鈴山　,　,,,,
やみぞさん,,,,,,
八溝山,茨城県 福島県,八溝山・筑波山,1022m,36°55′49″,,
140°16′23″,八溝山　,　,,,,
わがくにさん,,,,,,
吾国山,茨城県,八溝山・筑波山,518m,36°19′19″,,
140°12′04″,吾国山　,　,,,,
かばさん,,,,,,
加波山,茨城県,八溝山・筑波山,709m,36°17′56″,,
140°08′37″,加波　,　,,,,
つくばさん,,,,,,
筑波山,茨城県,八溝山・筑波山,877m,36°13′31″,,
140°06′24″,測定点　,　,,,,
さんぼんやりだけ,,,,,,
三本槍岳,福島県 栃木県,那須・日光,1917m,37°09′01″,,
139°57′41″,三倉山　,　,,,,
なすだけ<ちゃうすだけ>,,,,,,
那須岳<茶臼岳>,栃木県,那須・日光,1915m,37°07′29″,,
139°57′47″,標高点　,　,,,,
おがたけ,,,,,,
男鹿岳,福島県 栃木県,那須・日光,1777m,37°05′07″,,
139°49′19″,男鹿岳　,おじかだけ　,,,,
おおさびやま,,,,,,
大佐飛山,栃木県,那須・日光,1908m,37°03′49″,,
139°50′40″,大蛇尾山　,　,,,,
たかはらやま<しゃかがだけ>,,,,,,
高原山<釈迦ヶ岳>,栃木県,那須・日光,1795m,36°54′00″,,
139°46′36″,高原山　,　,,,,
にょほうさん,,,,,,
女峰山,栃木県,那須・日光,2483m,36°48′41″,,
139°32′11″,標高点　,　,,,,
にょほうさん<おおまなごさん>,,,,,,
女峰山<大真名子山>,栃木県,那須・日光,2376m,36°47′43″,,
139°30′26″,大真子　,Ｈ26三角点標高改訂　,,,,
にょほうさん<こまなごさん>,,,,,,
女峰山<小真名子山>,栃木県,那須・日光,2323m,36°48′26″,,
139°30′39″,小真子　,　,,,,
たろうさん,,,,,,
太郎山,栃木県,那須・日光,2368m,36°49′04″,,
139°28′58″,太郎山　,Ｈ26三角点標高改訂　,,,,
なんたいさん,,,,,,
男体山,栃木県,那須・日光,2486m,36°45′54″,,
139°29′27″,測定点　,Ｈ15現地計測による標高改訂　,,,,
しらねさん,,,,,,
白根山,群馬県 栃木県,那須・日光,2578m,36°47′55″,,
139°22′33″,標高点　,日光白根山（にっこうしらねさん）　,,,,
すかいさん,,,,,,
皇海山,栃木県 群馬県,那須・日光,2144m,36°41′24″,,
139°20′13″,皇海山　,Ｈ26三角点標高改訂　,,,,
こうしんざん,,,,,,
庚申山,栃木県,那須・日光,1892m,36°40′23″,,
139°21′40″,標高点　,　,,,,
けさまるやま,,,,,,
袈裟丸山,栃木県 群馬県,那須・日光,1961m,36°38′58″,,
139°19′38″,標高点　,　,,,,
よこねやま,,,,,,
横根山,栃木県,那須・日光,1373m,36°37′11″,,
139°31′20″,横根　,　,,,,
あかぎさん<くろびさん>,,,,,,
赤城山<黒檜山>,群馬県,那須・日光,1828m,36°33′37″,,
139°11′36″,黒檜山　,赤城山（あかぎやま）　,,,,
あかぎさん<じぞうだけ>,,,,,,
赤城山<地蔵岳>,群馬県,那須・日光,1674m,36°32′28″,,
139°10′38″,赤城山　,　,,,,
はかせやま,,,,,,
博士山,福島県,南会津・尾瀬,1482m,37°21′47″,,
139°42′53″,博士山　,　,,,,
おのだけ,,,,,,
小野岳,福島県,南会津・尾瀬,1383m,37°19′33″,,
139°53′12″,小野岳　,Ｈ26三角点標高改訂　,,,,
ななつがたけ<いちばんだけ>,,,,,,
七ヶ岳<一番岳>,福島県,南会津・尾瀬,1636m,37°07′27″,,
139°39′27″,七ツケ岳　,　　,,,,
あらかいざん（たろうだけ）,,,,,,
荒海山（太郎岳）,福島県 栃木県,南会津・尾瀬,1581m,37°02′10″,,
139°38′37″,標高点　,　,,,,
たしろやま,,,,,,
田代山,福島県,南会津・尾瀬,1971m,36°58′28″,,
139°28′42″,標高点　,　,,,,
たいしゃくざん,,,,,,
帝釈山,福島県 栃木県,南会津・尾瀬,2060m,36°58′11″,,
139°27′36″,帝釈山　,　,,,,
くろいわやま,,,,,,
黒岩山,栃木県 群馬県,南会津・尾瀬,2163m,36°54′32″,,
139°23′37″,黒岩山　,　,,,,
きぬぬまやま,,,,,,
鬼怒沼山,栃木県 群馬県,南会津・尾瀬,2141m,36°52′58″,,
139°22′18″,鬼怒沼　,　,,,,
あさひだけ,,,,,,
朝日岳,福島県,南会津・尾瀬,1624m,37°13′16″,,
139°20′23″,朝日岳　,会津朝日岳（あいづあさひだけ）　,,,,
まるやまだけ,,,,,,
丸山岳,福島県,南会津・尾瀬,1820m,37°10′22″,,
139°20′05″,白戸山　,　,,,,
こまがたけ,,,,,,
駒ヶ岳,福島県,南会津・尾瀬,2133m,37°02′51″,,
139°21′13″,測定点　,会津駒ヶ岳（あいづこまがたけ）　,,,,
ひらがたけ,,,,,,
平ヶ岳,群馬県 新潟県,南会津・尾瀬,2141m,37°00′07″,,
139°10′15″,標高点　,　,,,,
けいづるやま,,,,,,
景鶴山,群馬県 新潟県,南会津・尾瀬,2004m,36°57′25″,,
139°12′38″,標高点　,　,,,,
ひうちがたけ<しばやすぐら>,,,,,,
燧ヶ岳<>,福島県,南会津・尾瀬,2356m,36°57′18″,,
139°17′07″,測定点　,　,,,,
しぶつさん,,,,,,
至仏山,群馬県,南会津・尾瀬,2228m,36°54′13″,,
139°10′24″,至仏山　,　,,,,
ほたかやま,,,,,,
武尊山,群馬県,南会津・尾瀬,2158m,36°48′19″,,
139°07′57″,武尊山　,沖武尊山（おきほたかやま）　,,,,
みかぐらだけ,,,,,,
御神楽岳,新潟県,越後山脈,1386m,37°31′19″,,
139°25′33″,御神楽岳　,　,,,,
あわがたけ,,,,,,
粟ヶ岳,新潟県,越後山脈,1293m,37°33′19″,,
139°11′19″,粟ケ嶽　,　,,,,
やはずだけ,,,,,,
矢筈岳,新潟県,越後山脈,1257m,37°30′45″,,
139°15′58″,矢筈岳　,　,,,,
すもんだけ,,,,,,
守門岳,新潟県,越後山脈,1537m,37°23′52″,,
139°08′12″,守門岳　,　,,,,
あさくさだけ,,,,,,
浅草岳,新潟県 福島県,越後山脈,1585m,37°20′37″,,
139°14′01″,浅草岳　,　,,,,
けもうやま,,,,,,
毛猛山,福島県 新潟県,越後山脈,1517m,37°15′24″,,
139°10′31″,岩沢山　,　,,,,
みじょうがたけ,,,,,,
未丈ヶ岳,新潟県,越後山脈,1553m,37°11′00″,,
139°11′22″,大鳥岳　,山名変更：Ｈ19関係自治体からの申請による　,,,,
こまがたけ,,,,,,
駒ヶ岳,新潟県,越後山脈,2003m,37°07′25″,,
139°04′31″,越駒ケ岳　,越後駒ヶ岳（えちごこまがたけ）　魚沼駒ヶ岳（うおぬまこまがたけ）　,,,,
はっかいさん<にゅうどうだけ>,,,,,,
八海山<入道岳>,新潟県,越後山脈,1778m,37°06′14″,,
139°01′29″,標高点　,　,,,,
なかのだけ,,,,,,
中ノ岳,新潟県,越後山脈,2085m,37°05′07″,,
139°04′39″,中ノ岳　,　,,,,
あらさわだけ,,,,,,
荒沢岳,新潟県,越後山脈,1969m,37°06′02″,,
139°08′53″,荒沢岳　,　,,,,
しもつごうやま,,,,,,
下津川山,新潟県 群馬県,越後山脈,1928m,36°59′41″,,
139°03′00″,下津川山　,　,,,,
まきはたやま,,,,,,
巻機山,群馬県 新潟県,越後山脈,1967m,36°58′43″,,
138°57′51″,標高点　,　,,,,
だいげんたさん,,,,,,
大源太山,新潟県,越後山脈,1598m,36°54′09″,,
138°55′37″,標高点　,　,,,,
あさひだけ,,,,,,
朝日岳,群馬県,越後山脈,1945m,36°52′50″,,
138°58′21″,笠ケ岳　,　,,,,
あさひだけ<しらがもん>,,,,,,
朝日岳<白毛門>,群馬県,越後山脈,1720m,36°51′35″,,
138°58′02″,標高点　,　,,,,
たにがわだけ<しげくらだけ>,,,,,,
谷川岳<茂倉岳>,群馬県 新潟県,越後山脈,1978m,36°50′57″,,
138°55′00″,標高点　,　,,,,
たにがわだけ<いちのくらだけ>,,,,,,
谷川岳<一ノ倉岳>,群馬県 新潟県,越後山脈,1974m,36°50′50″,,
138°55′28″,谷川富士　,　,,,,
たにがわだけ<おきのみみ>,,,,,,
谷川岳<オキノ耳>,群馬県 新潟県,越後山脈,1977m,36°50′14″,,
138°55′48″,標高点　,　,,,,
まんたろうさん,,,,,,
万太郎山,群馬県 新潟県,越後山脈,1954m,36°49′27″,,
138°52′45″,万太郎　,　,,,,
せんのくらやま,,,,,,
仙ノ倉山,群馬県 新潟県,越後山脈,2026m,36°49′03″,,
138°50′22″,千倉山　,　,,,,
あづまやさん,,,,,,
吾妻耶山,群馬県,越後山脈,1341m,36°44′47″,,
138°55′38″,標高点　,　,,,,
なえばさん,,,,,,
苗場山,新潟県 長野県,苗場山・白根山・浅間山,2145m,36°50′45″,,
138°41′25″,苗場山　,　,,,,
さぶりゅうやま,,,,,,
佐武流山,新潟県 長野県,苗場山・白根山・浅間山,2192m,36°46′20″,,
138°40′14″,佐武流　,　,,,,
しらすなやま,,,,,,
白砂山,群馬県 長野県,苗場山・白根山・浅間山,2140m,36°44′17″,,
138°41′37″,西川浦　,　,,,,
とりかぶとやま,,,,,,
鳥甲山,長野県,苗場山・白根山・浅間山,2038m,36°50′21″,,
138°35′02″,鳥甲　,　,,,,
こうしゃさん（たかいふじ）,,,,,,
高社山（高井富士）,長野県,苗場山・白根山・浅間山,1351m,36°47′57″,,
138°24′14″,高社山　,たかやしろやま　,,,,
いわすげやま<うらいわすげやま>,,,,,,
岩菅山<裏岩菅山>,長野県,苗場山・白根山・浅間山,2341m,36°45′10″,,
138°34′05″,標高点　,いわすごやま＜うらいわすごやま＞　,,,,
いわすげやま,,,,,,
岩菅山,長野県,苗場山・白根山・浅間山,2295m,36°44′31″,,
138°33′34″,岩菅山　,いわすごやま　,,,,
しがやま,,,,,,
志賀山,長野県,苗場山・白根山・浅間山,2037m,36°42′01″,,
138°30′57″,標高点　,　,,,,
かさがたけ,,,,,,
笠ヶ岳,長野県,苗場山・白根山・浅間山,2076m,36°40′36″,,
138°28′53″,笠ケ岳　,　,,,,
よこてやま,,,,,,
横手山,群馬県 長野県,苗場山・白根山・浅間山,2307m,36°40′08″,,
138°31′33″,標高点　,　,,,,
しらねさん,,,,,,
白根山,群馬県,苗場山・白根山・浅間山,2160m,36°38′38″,,
138°31′40″,標高点　,草津白根山（くさつしらねさん）　,,,,
もとしらねさん,,,,,,
本白根山,群馬県,苗場山・白根山・浅間山,2171m,36°37′22″,,
138°31′55″,標高点　,　,,,,
あずまやさん,,,,,,
四阿山,長野県 群馬県,苗場山・白根山・浅間山,2354m,36°32′30″,,
138°24′47″,標高点　,　,,,,
あずまやさん<ねこだけ>,,,,,,
四阿山<根子岳>,長野県,苗場山・白根山・浅間山,2207m,36°32′57″,,
138°23′43″,標高点　,　,,,,
ゆのまるやま,,,,,,
湯ノ丸山,長野県 群馬県,苗場山・白根山・浅間山,2101m,36°26′05″,,
138°24′04″,標高点　,　,,,,
かごのとやま<ひがしかごのとやま>,,,,,,
篭ノ登山<東篭ノ登山>,長野県 群馬県,苗場山・白根山・浅間山,2228m,36°25′10″,,
138°26′50″,籠塔山　,Ｈ26三角点標高改訂　,,,,
あさまやま,,,,,,
浅間山,群馬県 長野県,苗場山・白根山・浅間山,2568m,36°24′24″,,
138°31′23″,標高点　,　,,,,
あさまかくしやま,,,,,,
浅間隠山,群馬県,苗場山・白根山・浅間山,1757m,36°27′13″,,
138°39′09″,浅間隠シ　,　,,,,
はなまがりやま,,,,,,
鼻曲山,群馬県,苗場山・白根山・浅間山,1655m,36°24′39″,,
138°38′44″,標高点　,　,,,,
はるなさん<かもんがたけ>,,,,,,
榛名山<掃部ヶ岳>,群馬県,苗場山・白根山・浅間山,1449m,36°28′39″,,
138°51′03″,標高点　,　,,,,
こもちやま,,,,,,
子持山,群馬県,苗場山・白根山・浅間山,1296m,36°35′31″,,
138°59′52″,子持山　,　,,,,
みょうぎさん<そうまだけ>,,,,,,
妙義山<相馬岳>,群馬県,関東山地,1104m,36°17′55″,,
138°44′56″,相馬ケ岳　,　,,,,
あらふねやま,,,,,,
荒船山,群馬県 長野県,関東山地,1423m,36°12′14″,,
138°38′14″,荒船山　,　,,,,
あかぐなやま,,,,,,
赤久縄山,群馬県,関東山地,1523m,36°08′37″,,
138°50′36″,赤久縄　,Ｈ26三角点標高改訂　,,,,
みかぼやま<にしみかぼやま>,,,,,,
御荷鉾山<西御荷鉾山>,群馬県,関東山地,1287m,36°09′08″,,
138°55′06″,西御荷鉾　,Ｈ26三角点標高改訂　,,,,
ふたごやま,,,,,,
二子山,埼玉県,関東山地,1166m,36°04′11″,,
138°51′49″,二子山　,　,,,,
りょうかみさん,,,,,,
両神山,埼玉県,関東山地,1723m,36°01′24″,,
138°50′29″,両神山　,　,,,,
おぐらさん,,,,,,
御座山,長野県,関東山地,2112m,36°02′02″,,
138°36′24″,標高点　,　,,,,
さんぽうやま,,,,,,
三宝山,埼玉県 長野県,関東山地,2483m,35°55′03″,,
138°43′40″,国師岳Ⅱ　,　,,,,
こぶしがたけ,,,,,,
甲武信ヶ岳,埼玉県 山梨県 長野県,関東山地,2475m,35°54′32″,,
138°43′44″,標高点　,　,,,,
よこおやま,,,,,,
横尾山,山梨県 長野県,関東山地,1818m,35°55′08″,,
138°31′16″,横尾山　,　,,,,
みずがきやま,,,,,,
瑞牆山,山梨県,関東山地,2230m,35°53′36″,,
138°35′31″,標高点　,　,,,,
きんぷさん,,,,,,
金峰山,山梨県 長野県,関東山地,2599m,35°52′17″,,
138°37′31″,測定点　,　,,,,
あさひだけ,,,,,,
朝日岳,山梨県 長野県,関東山地,2579m,35°52′28″,,
138°38′33″,標高点　,　,,,,
こくしがたけ,,,,,,
国師ヶ岳,山梨県 長野県,関東山地,2592m,35°52′15″,,
138°40′23″,国師岳　,　,,,,
きたおくせんじょうだけ,,,,,,
北奥千丈岳,山梨県,関東山地,2601m,35°52′07″,,
138°40′15″,標高点　,　,,,,
けんとくさん,,,,,,
乾徳山,山梨県,関東山地,2031m,35°49′23″,,
138°42′54″,標高点　,　,,,,
こならやま,,,,,,
小楢山,山梨県,関東山地,1713m,35°46′54″,,
138°39′51″,中牧村　,　,,,,
かやがたけ,,,,,,
茅ヶ岳,山梨県,関東山地,1704m,35°47′42″,,
138°30′50″,茅ケ岳　,　,,,,
どうだいらさん,,,,,,
堂平山,埼玉県,関東山地,876m,36°00′21″,,
139°11′24″,堂平山　,　,,,,
ぶこうさん,,,,,,
武甲山,埼玉県,関東山地,1304m,35°57′06″,,
139°05′52″,測定点　,Ｈ14現地計測による標高改訂　,,,,
いずがたけ,,,,,,
伊豆ヶ岳,埼玉県,関東山地,851m,35°55′37″,,
139°09′38″,伊豆岳　,　,,,,
かわのりやま,,,,,,
川乗山,東京都,関東山地,1363m,35°51′03″,,
139°06′25″,火打石　,川苔山（かわのりやま）　,,,,
とりだにやま,,,,,,
酉谷山,埼玉県 東京都,関東山地,1718m,35°53′50″,,
139°00′37″,小川　,黒ドッケ（くろどっけ）　,,,,
くもとりやま,,,,,,
雲取山,埼玉県 東京都,関東山地,2017m,35°51′20″,,
138°56′38″,雲取山　,　,,,,
はくせきさん,,,,,,
白石山,埼玉県,関東山地,2036m,35°53′58″,,
138°52′41″,白石　,しろいしやま　和名倉山（わなぐらやま）　,,,,
からまつおやま,,,,,,
唐松尾山,埼玉県 山梨県,関東山地,2109m,35°52′04″,,
138°50′43″,唐松尾　,　,,,,
おおぼらやま（ひりゅうやま）,,,,,,
大洞山（飛龍山）,埼玉県 山梨県,関東山地,2077m,35°50′24″,,
138°53′32″,標高点　,　,,,,
けいかんやま（くろかわやま）,,,,,,
鶏冠山（黒川山）,山梨県,関東山地,1716m,35°47′19″,,
138°50′09″,標高点　,黒川鶏冠山（くろかわけいかんざん）　,,,,
だいぼさつれい,,,,,,
大菩薩嶺,山梨県,関東山地,2057m,35°44′56″,,
138°50′44″,大菩薩　,　,,,,
こがねざわやま,,,,,,
小金沢山,山梨県,関東山地,2014m,35°43′01″,,
138°51′24″,雨沢　,　,,,,
がんがはらすりやま,,,,,,
雁ケ腹摺山,山梨県,関東山地,1874m,35°41′13″,,
138°53′06″,標高点　,　,,,,
ごんげんやま,,,,,,
権現山,山梨県,関東山地,1312m,35°40′04″,,
139°01′17″,棚頭山　,　,,,,
ごんげんやま<おうぎやま>,,,,,,
権現山<扇山>,山梨県,関東山地,1138m,35°38′14″,,
139°00′50″,標高点　,　,,,,
みとうさん,,,,,,
三頭山,東京都,関東山地,1531m,35°44′21″,,
139°00′50″,標高点　,　,,,,
おおだけさん,,,,,,
大岳山,東京都,関東山地,1266m,35°45′55″,,
139°07′49″,大岳　,　,,,,
じんばさん（じんばさん）,,,,,,
陣馬山（陣場山）,東京都 神奈川県,関東山地,855m,35°39′08″,,
139°10′00″,標高点　,　,,,,
たかおさん,,,,,,
高尾山,東京都,関東山地,599m,35°37′31″,,
139°14′37″,高尾山　,　,,,,
きよすみやま<みょうけんやま>,,,,,,
清澄山<妙見山>,千葉県,房総・三浦,377m,35°09′45″,,
140°09′08″,標高点　,　,,,,
かのうざん,,,,,,
鹿野山,千葉県,房総・三浦,379m,35°15′20″,,
139°58′18″,測定点　,標高は白鳥峰の標高を示す　,,,,
のこぎりやま,,,,,,
鋸山,千葉県,房総・三浦,329m,35°09′37″,,
139°50′27″,鋸山　,　,,,,
とみさん,,,,,,
富山,千葉県,房総・三浦,349m,35°05′56″,,
139°52′53″,富山　,Ｈ26三角点標高改訂　,,,,
いよがたけ,,,,,,
伊予ヶ岳,千葉県,房総・三浦,336m,35°06′26″,,
139°54′50″,伊予岳　,Ｈ23三角点改測　,,,,
あたごやま,,,,,,
愛宕山,千葉県,房総・三浦,408m,35°06′54″,,
139°59′13″,二ツ山　,　,,,,
おおやま,,,,,,
大山,千葉県,房総・三浦,193m,34°57′51″,,
139°46′40″,房大山　,房ノ大山（ぼうのおおやま）　Ｈ26三角点標高改訂　,,,,
おおぐすやま,,,,,,
大楠山,神奈川県,房総・三浦,241m,35°15′00″,,
139°37′41″,大楠山　,　,,,,
おおやま,,,,,,
大山,神奈川県,丹沢山地,1252m,35°26′27″,,
139°13′53″,標高点　,　,,,,
たんざわさん<ひるがたけ>,,,,,,
丹沢山<蛭ヶ岳>,神奈川県,丹沢山地,1673m,35°29′11″,,
139°08′20″,標高点　,たんざわやま　,,,,
たんざわさん,,,,,,
丹沢山,神奈川県,丹沢山地,1567m,35°28′27″,,
139°09′46″,丹沢山　,　,,,,
たんざわさん<とうのだけ(とうがたけ)>,,,,,,
丹沢山<塔ノ岳（塔ヶ岳）>,神奈川県,丹沢山地,1491m,35°27′15″,,
139°09′48″,塔ケ岳　,　,,,,
おおむろやま,,,,,,
大室山,神奈川県 山梨県,丹沢山地,1587m,35°30′39″,,
139°04′07″,大群山　,おおむれやま　Ｈ26三角点標高改訂　,,,,
みしょうたいやま,,,,,,
御正体山,山梨県,丹沢山地,1681m,35°29′13″,,
138°55′54″,御正体山　,Ｈ26三角点標高改訂　,,,,
こもつるしやま,,,,,,
菰釣山,神奈川県 山梨県,丹沢山地,1379m,35°27′50″,,
138°58′43″,標高点　,　,,,,
みつとうげやま,,,,,,
三ッ峠山,山梨県,富士山とその周辺,1785m,35°32′57″,,
138°48′33″,水峠　,　,,,,
くろたけ,,,,,,
黒岳,山梨県,富士山とその周辺,1793m,35°33′07″,,
138°44′58″,黒岳　,御坂黒岳（みさかくろたけ）　,,,,
くろたけ<しゃかがたけ>,,,,,,
黒岳<釈迦ヶ岳>,山梨県,富士山とその周辺,1641m,35°33′47″,,
138°43′13″,標高点　,　,,,,
せっとうがたけ,,,,,,
節刀ヶ岳,山梨県,富士山とその周辺,1736m,35°31′43″,,
138°41′00″,標高点　,せっちょうがたけ　,,,,
ふじさん<けんがみね>,,,,,,
富士山<剣ヶ峯>,山梨県 静岡県,富士山とその周辺,3776m,35°21′39″,,
138°43′39″,測定点　,　,,,,
あしたかやま<えちぜんだけ>,,,,,,
愛鷹山<越前岳>,静岡県,富士山とその周辺,1504m,35°14′17″,,
138°47′38″,印野村　,　,,,,
けなしやま,,,,,,
毛無山,山梨県 静岡県,富士山とその周辺,1964m,35°24′57″,,
138°32′38″,標高点　,　,,,,
てんしがたけ,,,,,,
天子ヶ岳,静岡県,富士山とその周辺,1330m,35°19′45″,,
138°32′12″,標高点　,　,,,,
はこねやま<かみやま>,,,,,,
箱根山<神山>,神奈川県,箱根山・伊豆半島,1438m,35°14′00″,,
139°01′15″,冠ケ岳　,　,,,,
はこねやま<きんときざん>,,,,,,
箱根山<金時山>,静岡県 神奈川県,箱根山・伊豆半島,1212m,35°17′23″,,
139°00′18″,金時山　,Ｈ26三角点標高改訂　,,,,
くろたけ,,,,,,
玄岳,静岡県,箱根山・伊豆半島,798m,35°04′54″,,
139°01′41″,玄岳　,　,,,,
おおむろやま,,,,,,
大室山,静岡県,箱根山・伊豆半島,580m,34°54′11″,,
139°05′41″,大室山　,　,,,,
あまぎさん<ばんざぶろうだけ>,,,,,,
天城山<万三郎岳>,静岡県,箱根山・伊豆半島,1406m,34°51′46″,,
139°00′06″,万城岳　,Ｈ26三角点標高改訂　,,,,
だるまやま,,,,,,
達磨山,静岡県,箱根山・伊豆半島,982m,34°57′18″,,
138°50′21″,達摩山　,　,,,,
ちょうくろうやま,,,,,,
長九郎山,静岡県,箱根山・伊豆半島,996m,34°47′18″,,
138°52′05″,長九郎　,　,,,,
みはらやま<みはらしんざん>,,,,,,
三原山<三原新山>,東京都,伊豆諸島（大島）,758m,34°43′28″,,
139°23′40″,標高点　,Ｈ18地形図更新に伴う標高改訂　,,,,
みやつかやま,,,,,,
宮塚山,東京都,伊豆諸島（利島）,508m,34°31′13″,,
139°16′45″,利島　,　,,,,
てんじょうさん,,,,,,
天上山,東京都,伊豆諸島（神津島）,572m,34°13′10″,,
139°09′11″,神津島　,Ｈ14三角点改測　,,,,
おやま,,,,,,
雄山,東京都,伊豆諸島（三宅島）,775m,34°05′37″,,
139°31′34″,標高点　,Ｈ16地形図更新に伴う標高改訂　,,,,
おやま,,,,,,
御山,東京都,伊豆諸島（御蔵島）,851m,33°52′28″,,
139°36′07″,御蔵島　,　,,,,
にしやま（はちじょうふじ）,,,,,,
西山（八丈富士）,東京都,伊豆諸島（八丈島）,854m,33°08′13″,,
139°45′58″,八丈富士　,　,,,,
いおうやま,,,,,,
硫黄山,東京都,伊豆諸島（鳥島）,394m,30°29′02″,,
140°18′11″,標高点　,　,,,,
ちゅうおうざん,,,,,,
中央山,東京都,小笠原諸島（父島）,320m,27°04′24″,,
142°13′07″,中央山　,　,,,,
ちぶさやま,,,,,,
乳房山,東京都,小笠原諸島（母島）,463m,26°39′34″,,
142°09′41″,乳房山　,　,,,,
さかきがみね,,,,,,
榊ヶ峰,東京都,小笠原諸島（北硫黄島）,792m,25°25′41″,,
141°16′51″,標高点　,　,,,,
すりばちやま（ぱいぷやま）,,,,,,
摺鉢山（パイプ山）,東京都,小笠原諸島（硫黄島）,170m,24°45′02″,,
141°17′21″,測定点　,Ｈ25現地計測による標高改訂　,,,,
[みなみいおうとう],,,,,,
[南硫黄島],東京都,小笠原諸島（南硫黄島）,916m,24°14′02″,,
141°27′48″,標高点　,　,,,,
きんぽくさん,,,,,,
金北山,新潟県,佐渡,1172m,38°06′14″,,
138°20′59″,金北山　,　,,,,
おおじやま,,,,,,
大地山,新潟県,佐渡,646m,37°57′31″,,
138°28′47″,大地山　,　,,,,
やひこやま,,,,,,
弥彦山,新潟県,東頸城丘陵,634m,37°42′17″,,
138°48′32″,標高点　,　,,,,
よねやま,,,,,,
米山,新潟県,東頸城丘陵,993m,37°17′22″,,
138°29′02″,米山　,　,,,,
くろひめさん,,,,,,
黒姫山,新潟県,東頸城丘陵,891m,37°13′34″,,
138°35′32″,標高点　,　,,,,
ひしがたけ,,,,,,
菱ヶ岳,新潟県,東頸城丘陵,1129m,37°01′56″,,
138°29′36″,菱ケ岳　,　,,,,
まだらおやま,,,,,,
斑尾山,長野県,東頸城丘陵,1382m,36°50′15″,,
138°16′28″,斑尾山　,　,,,,
ほこがたけ,,,,,,
鉾ヶ岳,新潟県,妙高山とその周辺,1316m,37°01′43″,,
138°01′35″,鉾ケ岳　,　,,,,
こまがたけ,,,,,,
駒ヶ岳,新潟県,妙高山とその周辺,1498m,36°56′34″,,
137°56′54″,標高点　,　,,,,
のこぎりだけ,,,,,,
鋸岳,新潟県,妙高山とその周辺（海谷山地）,1631m,36°55′55″,,
137°58′08″,鬼ケ面　,　,,,,
やけやま,,,,,,
焼山,新潟県,妙高山とその周辺,2400m,36°55′15″,,
138°02′09″,焼山　,　,,,,
あまかざりやま,,,,,,
雨飾山,新潟県 長野県,妙高山とその周辺,1963m,36°54′07″,,
137°57′45″,雨飾山　,　,,,,
ひうちやま,,,,,,
火打山,新潟県,妙高山とその周辺,2462m,36°55′22″,,
138°04′05″,火打山　,　,,,,
みょうこうさん,,,,,,
妙高山,新潟県,妙高山とその周辺,2454m,36°53′29″,,
138°06′48″,標高点　,　,,,,
くろひめやま,,,,,,
黒姫山,長野県,妙高山とその周辺,2053m,36°48′48″,,
138°07′38″,標高点　,　,,,,
たかつまやま,,,,,,
高妻山,新潟県 長野県,妙高山とその周辺,2353m,36°48′00″,,
138°03′07″,高妻山　,　,,,,
とがくしやま,,,,,,
戸隠山,長野県,妙高山とその周辺,1904m,36°46′13″,,
138°03′18″,標高点　,　,,,,
いいづなやま（いいづなやま）,,,,,,
飯縄山（飯綱山）,長野県,妙高山とその周辺,1917m,36°44′22″,,
138°08′01″,飯縄山　,　,,,,
むしくらやま,,,,,,
虫倉山,長野県,妙高山とその周辺,1378m,36°38′59″,,
138°01′09″,虫倉　,Ｈ27三角点「虫倉」は山体の一部崩落により廃点（標高は参考値）　,,,,
ひじりやま,,,,,,
聖山,長野県,筑摩山地,1447m,36°29′03″,,
138°01′17″,聖山　,　,,,,
かむりきやま（おばすてやま）,,,,,,
冠着山（姨捨山）,長野県,筑摩山地,1252m,36°28′08″,,
138°06′24″,冠着　,　,,,,
うつくしがはら<おうがとう>,,,,,,
美ヶ原<王ヶ頭>,長野県,筑摩山地,2034m,36°13′33″,,
138°06′27″,美ケ原　,　,,,,
はちぶせやま,,,,,,
鉢伏山,長野県,筑摩山地,1929m,36°09′47″,,
138°03′33″,鉢伏山　,Ｈ26三角点標高改訂　,,,,
きりがみね<くるまやま>,,,,,,
霧ヶ峰<車山>,長野県,霧ヶ峰・八ヶ岳,1925m,36°06′11″,,
138°11′48″,車沢　,　,,,,
たてしなやま,,,,,,
蓼科山,長野県,霧ヶ峰・八ヶ岳,2531m,36°06′13″,,
138°17′42″,蓼科山　,Ｈ26三角点標高改訂　,,,,
よこだけ,,,,,,
横岳,長野県,霧ヶ峰・八ヶ岳,2480m,36°05′15″,,
138°19′12″,標高点　,　,,,,
しまがれやま,,,,,,
縞枯山,長野県,霧ヶ峰・八ヶ岳,2403m,36°04′32″,,
138°19′52″,標高点　,　,,,,
てんぐだけ,,,,,,
天狗岳,長野県,霧ヶ峰・八ヶ岳,2646m,36°01′09″,,
138°21′20″,東岳　,　,,,,
みねのまつめ,,,,,,
峰の松目,長野県,霧ヶ峰・八ヶ岳,2568m,35°59′49″,,
138°21′02″,峰ノ松目　,Ｈ26三角点標高改訂　,,,,
いおうだけ,,,,,,
硫黄岳,長野県,霧ヶ峰・八ヶ岳,2760m,35°59′55″,,
138°22′12″,標高点　,　,,,,
よこだけ,,,,,,
横岳,長野県,霧ヶ峰・八ヶ岳,2829m,35°59′05″,,
138°22′25″,標高点　,　,,,,
あかだけ,,,,,,
赤岳,長野県 山梨県,霧ヶ峰・八ヶ岳,2899m,35°58′15″,,
138°22′12″,赤岳　,　,,,,
あみだだけ,,,,,,
阿弥陀岳,長野県,霧ヶ峰・八ヶ岳,2805m,35°58′20″,,
138°21′32″,標高点　,　,,,,
ごんげんだけ,,,,,,
権現岳,山梨県,霧ヶ峰・八ヶ岳,2715m,35°56′59″,,
138°21′35″,標高点　,　,,,,
ごんげんだけ<にしだけ>,,,,,,
権現岳<西岳>,長野県,霧ヶ峰・八ヶ岳,2398m,35°57′00″,,
138°20′06″,標高点　,　,,,,
ごんげんだけ<みつがしら>,,,,,,
権現岳<三ッ頭>,山梨県,霧ヶ峰・八ヶ岳,2580m,35°56′32″,,
138°21′50″,標高点　,　,,,,
あみがさやま,,,,,,
編笠山,山梨県 長野県,霧ヶ峰・八ヶ岳,2524m,35°56′30″,,
138°20′42″,編笠岳　,　,,,,
くろひめやま,,,,,,
黒姫山,新潟県, 山脈北部,1221m,36°58′36″,,
137°47′24″,黒姫山　,Ｈ26三角点標高改訂　,,,,
みょうじょうさん,,,,,,
明星山,新潟県, 山脈北部,1188m,36°56′27″,,
137°49′19″,明星　,Ｈ26三角点標高改訂　山名（よみ）変更：Ｈ27関係自治体からの申請による　,,,,
いぬがだけ,,,,,,
犬ヶ岳,新潟県 富山県, 山脈北部,1592m,36°54′25″,,
137°42′56″,犬ケ岳　,Ｈ26三角点標高改訂　,,,,
あさひだけ,,,,,,
朝日岳,新潟県 富山県, 山脈北部,2418m,36°49′36″,,
137°43′48″,雪倉　,　,,,,
ゆきくらだけ,,,,,,
雪倉岳,新潟県 富山県, 山脈北部,2611m,36°47′41″,,
137°45′15″,六兵衛　,　,,,,
はちがたけ,,,,,,
鉢ヶ岳,新潟県 富山県, 山脈北部,2563m,36°46′49″,,
137°44′58″,標高点　,　,,,,
これんげさん,,,,,,
小蓮華山,新潟県 長野県, 山脈北部,2766m,36°46′25″,,
137°46′34″,測定点　,大日岳（だいにちだけ）　Ｈ20現地計測による標高改訂　,,,,
のりくらだけ,,,,,,
乗鞍岳,新潟県 長野県, 山脈北部,2469m,36°47′19″,,
137°47′57″,標高点　,　,,,,
かざふきだけ,,,,,,
風吹岳,長野県, 山脈北部,1888m,36°48′51″,,
137°50′20″,標高点　,　,,,,
しろうまだけ,,,,,,
白馬岳,富山県 長野県, 山脈北部,2932m,36°45′31″,,
137°45′31″,白馬岳　,　,,,,
あさひだけ,,,,,,
旭岳,富山県, 山脈北部,2867m,36°45′28″,,
137°44′45″,標高点　,　,,,,
しょうずだけ,,,,,,
清水岳,富山県, 山脈北部,2603m,36°45′53″,,
137°43′08″,標高点　,　,,,,
しゃくしだけ,,,,,,
杓子岳,富山県 長野県, 山脈北部,2812m,36°44′26″,,
137°45′33″,標高点　,　,,,,
やりがたけ,,,,,,
鑓ヶ岳,富山県 長野県, 山脈北部,2903m,36°43′53″,,
137°45′19″,槍ケ岳　,白馬鑓ヶ岳（しろうまやりがたけ）　,,,,
からまつだけ,,,,,,
唐松岳,富山県 長野県, 山脈北部,2696m,36°41′14″,,
137°45′17″,唐松谷　,　,,,,
ごりゅうだけ,,,,,,
五龍岳,富山県, 山脈北部,2814m,36°39′30″,,
137°45′10″,標高点　,　,,,,
かしまやりがたけ,,,,,,
鹿島槍ヶ岳,富山県 長野県, 山脈北部,2889m,36°37′28″,,
137°44′49″,鹿島入　,　,,,,
じいがたけ,,,,,,
爺ヶ岳,富山県 長野県, 山脈北部,2670m,36°35′18″,,
137°45′03″,祖父岳　,　,,,,
いわごやざわだけ,,,,,,
岩小屋沢岳,富山県 長野県, 山脈北部,2630m,36°34′37″,,
137°42′48″,西岳　,　,,,,
なるさわだけ,,,,,,
鳴沢岳,富山県 長野県, 山脈北部,2641m,36°34′07″,,
137°41′44″,標高点　,　,,,,
あかざわだけ,,,,,,
赤沢岳,富山県 長野県, 山脈北部,2678m,36°33′43″,,
137°41′15″,牛小屋沢　,　,,,,
すばりだけ,,,,,,
スバリ岳,富山県 長野県, 山脈北部,2752m,36°32′39″,,
137°41′06″,標高点　,　,,,,
はりのきだけ,,,,,,
針ノ木岳,富山県 長野県, 山脈北部,2821m,36°32′17″,,
137°41′04″,野口　,　,,,,
れんげだけ,,,,,,
蓮華岳,富山県 長野県,山 脈北部,2799m,36°32′09″,,
137°42′38″,蓮華岳　,　,,,,
きたくずだけ,,,,,,
北葛岳,富山県 長野県, 山脈北部,2551m,36°31′03″,,
137°42′20″,標高点　,　,,,,
ふどうだけ,,,,,,
不動岳,富山県 長野県, 山脈北部,2601m,36°29′43″,,
137°40′02″,標高点　,　,,,,
みなみさわだけ,,,,,,
南沢岳,富山県 長野県, 山脈北部,2626m,36°29′24″,,
137°39′11″,烏帽子岳　,Ｈ26三角点標高改訂　,,,,
えぼしだけ,,,,,,
烏帽子岳,富山県 長野県, 山脈北部,2628m,36°28′46″,,
137°39′03″,標高点　,　,,,,
みつだけ,,,,,,
三ッ岳,富山県 長野県, 山脈北部,2845m,36°27′17″,,
137°38′58″,三ツ岳　,　,,,,
のぐちごろうだけ,,,,,,
野口五郎岳,富山県 長野県, 山脈北部,2924m,36°25′58″,,
137°38′16″,五郎岳　,　,,,,
みなみまさごだけ,,,,,,
南真砂岳,長野県, 山脈北部,2713m,36°24′48″,,
137°38′30″,標高点　,　,,,,
あかうしだけ,,,,,,
赤牛岳,富山県, 山脈北部,2864m,36°27′42″,,
137°36′12″,赤手岳　,　,,,,
すいしょうだけ（くろだけ）,,,,,,
水晶岳（黒岳）,富山県, 山脈北部,2986m,36°25′35″,,
137°36′10″,標高点　,　,,,,
じいだけ,,,,,,
祖父岳,富山県, 山脈北部,2825m,36°24′40″,,
137°35′28″,標高点　,　,,,,
わしばだけ,,,,,,
鷲羽岳,富山県 長野県, 山脈北部,2924m,36°24′11″,,
137°36′19″,中俣　,　,,,,
みつまたれんげだけ,,,,,,
三俣蓮華岳,富山県 岐阜県 長野県, 山脈北部,2841m,36°23′24″,,
137°35′16″,三ツ又　,　,,,,
そうがだけ,,,,,,
僧ヶ岳,富山県, 山脈北部,1855m,36°45′42″,,
137°33′49″,尾ノ沼　,　,,,,
けかつやま,,,,,,
毛勝山,富山県, 山脈北部,2415m,36°42′04″,,
137°35′27″,毛勝山　,Ｈ26三角点標高改訂　,,,,
ねこまたやま,,,,,,
猫又山,富山県, 山脈北部,2378m,36°40′52″,,
137°35′25″,猫又　,　,,,,
いけのだいらやま,,,,,,
池平山,富山県, 山脈北部,2561m,36°38′28″,,
137°37′33″,標高点　,　,,,,
つるぎだけ,,,,,,
剱岳,富山県, 山脈北部,2999m,36°37′24″,,
137°37′01″,測定点　,Ｈ16現地計測による標高改訂　,,,,
べっさん,,,,,,
別山,富山県, 山脈北部,2880m,36°35′51″,,
137°37′13″,標高点　,　,,,,
つるぎごぜん,,,,,,
剱御前,富山県, 山脈北部,2777m,36°36′09″,,
137°36′32″,別山　,つるがごぜん　,,,,
おくだいにちだけ,,,,,,
奥大日岳,富山県, 山脈北部,2611m,36°35′54″,,
137°34′51″,標高点　,　,,,,
だいにちだけ,,,,,,
大日岳,富山県, 山脈北部,2501m,36°35′58″,,
137°33′00″,標高点　,　,,,,
まさごだけ,,,,,,
真砂岳,富山県, 山脈北部,2861m,36°35′12″,,
137°37′12″,標高点　,　,,,,
たてやま<おおなんじやま>,,,,,,
立山<大汝山>,富山県, 山脈北部,3015m,36°34′33″,,
137°37′11″,標高点　,　,,,,
くにみだけ,,,,,,
国見岳,富山県, 山脈北部,2621m,36°34′16″,,
137°35′23″,大横手　,　,,,,
りゅうおうだけ,,,,,,
龍王岳,富山県, 山脈北部,2872m,36°33′53″,,
137°36′26″,標高点　,　,,,,
りゅうおうだけ<じょうどさん>,,,,,,
龍王岳<浄土山>,富山県, 山脈北部,2831m,36°34′06″,,
137°36′13″,標高点　,　,,,,
わしだけ,,,,,,
鷲岳,富山県, 山脈北部,2617m,36°32′31″,,
137°35′14″,標高点　,　,,,,
とんびやま,,,,,,
鳶山,富山県, 山脈北部,2616m,36°32′03″,,
137°35′09″,標高点　,　,,,,
えっちゅうざわだけ,,,,,,
越中沢岳,富山県, 山脈北部,2592m,36°30′54″,,
137°34′59″,栂山　,Ｈ26三角点標高改訂　,,,,
くわさきやま,,,,,,
鍬崎山,富山県, 山脈北部,2090m,36°32′24″,,
137°28′41″,鍬崎山　,　,,,,
やくしだけ,,,,,,
薬師岳,富山県, 山脈北部,2926m,36°28′08″,,
137°32′41″,薬師ケ岳　,　,,,,
きたのまただけ（かみのだけ）,,,,,,
北ノ俣岳（上ノ岳）,富山県 岐阜県, 山脈北部,2662m,36°25′16″,,
137°30′44″,標高点　,　,,,,
くろべごろうだけ（なかのまただけ）,,,,,,
黒部五郎岳（中ノ俣岳）,富山県 岐阜県, 山脈北部,2840m,36°23′33″,,
137°32′24″,黒部　,　,,,,
すごろくだけ,,,,,,
双六岳,長野県 岐阜県, 山脈北部,2860m,36°22′19″,,
137°35′14″,中俣岳　,　,,,,
もみさわだけ,,,,,,
樅沢岳,長野県 岐阜県, 山脈北部,2755m,36°22′00″,,
137°36′28″,標高点　,　,,,,
ゆみおりだけ,,,,,,
弓折岳,岐阜県, 山脈北部,2592m,36°20′58″,,
137°35′48″,標高点　,ゆみおれだけ　,,,,
ぬけどだけ,,,,,,
抜戸岳,岐阜県, 山脈北部,2813m,36°19′40″,,
137°34′30″,奥笠ケ岳　,　,,,,
かさがたけ,,,,,,
笠ヶ岳,岐阜県, 山脈北部,2898m,36°18′56″,,
137°33′01″,笠ケ岳　,Ｈ26三角点標高改訂　,,,,
しゃくじょうだけ,,,,,,
錫杖岳,岐阜県, 山脈北部,2168m,36°16′55″,,
137°32′50″,標高点　,　,,,,
いおうだけ,,,,,,
硫黄岳,長野県, 山脈北部,2554m,36°22′50″,,
137°39′02″,焼山　,　,,,,
からさわだけ,,,,,,
唐沢岳,長野県, 山脈北部,2633m,36°27′40″,,
137°43′00″,唐沢　,Ｈ26三角点標高改訂　,,,,
がきだけ,,,,,,
餓鬼岳,長野県, 山脈北部,2647m,36°26′50″,,
137°44′10″,餓飢　,　,,,,
つばくろだけ,,,,,,
燕岳,長野県, 山脈北部,2763m,36°24′25″,,
137°42′46″,燕岳　,　,,,,
ありあけやま,,,,,,
有明山,長野県, 山脈北部,2268m,36°23′28″,,
137°46′14″,有明山　,ありあけさん　,,,,
だいてんじょうだけ,,,,,,
大天井岳,長野県, 山脈南部,2922m,36°21′54″,,
137°42′04″,天章山　,おてんしょうだけ　,,,,
ひがしてんじょうだけ,,,,,,
東天井岳,長野県, 山脈南部,2814m,36°21′12″,,
137°42′56″,標高点　,　,,,,
よことおしだけ,,,,,,
横通岳,長野県, 山脈南部,2767m,36°20′33″,,
137°43′37″,赤樽　,　,,,,
じょうねんだけ,,,,,,
常念岳,長野県, 山脈南部,2857m,36°19′32″,,
137°43′39″,標高点　,　,,,,
ちょうがたけ,,,,,,
蝶ヶ岳,長野県, 山脈南部,2677m,36°17′15″,,
137°43′34″,標高点　,　,,,,
おおたきやま,,,,,,
大滝山,長野県, 山脈南部,2616m,36°16′27″,,
137°44′36″,標高点　,　,,,,
あかいわだけ,,,,,,
赤岩岳,長野県, 山脈南部,2769m,36°20′36″,,
137°41′03″,筆波美　,　,,,,
にしだけ,,,,,,
西岳,長野県, 山脈南部,2758m,36°20′14″,,
137°40′46″,標高点　,　,,,,
あかさわやま,,,,,,
赤沢山,長野県, 山脈南部,2670m,36°19′45″,,
137°40′47″,赤沢山　,　,,,,
やりがたけ,,,,,,
槍ヶ岳,長野県, 山脈南部,3180m,36°20′31″,,
137°38′51″,標高点　,　,,,,
おおばみだけ,,,,,,
大喰岳,長野県 岐阜県, 山脈南部,3101m,36°20′09″,,
137°38′45″,標高点　,　,,,,
なかだけ,,,,,,
中岳,長野県 岐阜県, 山脈南部,3084m,36°19′47″,,
137°38′48″,標高点　,なかのだけ　,,,,
みなみだけ,,,,,,
南岳,長野県 岐阜県, 山脈南部,3033m,36°19′08″,,
137°39′03″,北穂高　,　,,,,
きたほたかだけ,,,,,,
北穂高岳,長野県 岐阜県, 山脈南部,3106m,36°18′09″,,
137°39′07″,標高点　,　,,,,
からさわだけ,,,,,,
涸沢岳,長野県 岐阜県, 山脈南部,3110m,36°17′45″,,
137°38′49″,標高点　,　,,,,
おくほたかだけ,,,,,,
奥穂高岳,長野県 岐阜県, 山脈南部,3190m,36°17′21″,,
137°38′53″,標高点　,　,,,,
まえほたかだけ,,,,,,
前穂高岳,長野県, 山脈南部,3090m,36°16′55″,,
137°39′38″,穂高岳　,　,,,,
にしほたかだけ,,,,,,
西穂高岳,長野県 岐阜県, 山脈南部,2909m,36°16′44″,,
137°37′45″,前穂高　,　,,,,
やけだけ,,,,,,
焼岳,長野県 岐阜県, 山脈南部,2455m,36°13′37″,,
137°35′13″,焼岳　,　,,,,
かすみざわだけ,,,,,,
霞沢岳,長野県, 山脈南部,2646m,36°13′16″,,
137°38′26″,霞沢岳　,　,,,,
じゅっこくやま,,,,,,
十石山,長野県 岐阜県, 山脈南部,2525m,36°09′49″,,
137°35′26″,十石山　,　,,,,
てらしやま,,,,,,
輝山,岐阜県, 山脈南部,2063m,36°11′39″,,
137°31′20″,貝塩　,　,,,,
のりくらだけ<けんがみね>,,,,,,
乗鞍岳<剣ヶ峰>,岐阜県 長野県, 山脈南部,3026m,36°06′23″,,
137°33′13″,乗鞍岳　,　,,,,
かまがみね,,,,,,
鎌ヶ峰,長野県 岐阜県, 山脈南部,2121m,36°01′36″,,
137°35′57″,鎌ケ峰　,　,,,,
はちもりやま,,,,,,
鉢盛山,長野県, 山脈南部,2447m,36°05′12″,,
137°45′17″,鉢盛山　,Ｈ26三角点標高改訂　,,,,
おんたけさん<けんがみね>,,,,,,
御嶽山<剣ヶ峰>,長野県,御嶽山とその周辺,3067m,35°53′34″,,
137°28′49″,測定点　,　,,,,
こひでやま,,,,,,
小秀山,長野県 岐阜県,御嶽山とその周辺,1982m,35°47′08″,,
137°23′49″,小秀山　,　,,,,
おくさんがいだけ,,,,,,
奥三界岳,岐阜県 長野県,御嶽山とその周辺,1811m,35°40′54″,,
137°30′26″,奥三階　,Ｈ26三角点標高改訂　,,,,
おしろやま,,,,,,
尾城山,岐阜県,御嶽山とその周辺,1133m,35°41′45″,,
137°20′38″,尾城　,おじろやま　,,,,
ふたつもりやま,,,,,,
二ッ森山,岐阜県,御嶽山とその周辺,1223m,35°34′19″,,
137°24′01″,二ツ森　,　,,,,
きょうがたけ,,,,,,
経ヶ岳,長野県,木曽山脈,2296m,35°54′46″,,
137°51′45″,経ケ岳　,　,,,,
おおだないりやま,,,,,,
大棚入山,長野県,木曽山脈,2375m,35°50′53″,,
137°48′36″,大棚入　,　,,,,
しょうぎがしらやま,,,,,,
将棊頭山,長野県,木曽山脈,2730m,35°48′12″,,
137°49′37″,標高点　,しょうぎのかしらやま　,,,,
しょうぎがしらやま<ちゃうすやま>,,,,,,
将棊頭山<茶臼山>,長野県,木曽山脈,2658m,35°48′53″,,
137°49′18″,標高点　,　,,,,
こまがたけ,,,,,,
駒ヶ岳,長野県,木曽山脈,2956m,35°47′22″,,
137°48′16″,信駒ケ岳　,木曽駒ヶ岳（きそこまがたけ）　西駒ヶ岳（にしこまがたけ）　,,,,
こまがたけ<ほうけんだけ>,,,,,,
駒ヶ岳<宝剣岳>,長野県,木曽山脈,2931m,35°46′53″,,
137°48′33″,標高点　,　,,,,
こまがたけ<むぎくさだけ>,,,,,,
駒ヶ岳<麦草岳>,長野県,木曽山脈,2733m,35°47′48″,,
137°47′10″,標高点　,　,,,,
さんのさわだけ,,,,,,
三沢岳,長野県,木曽山脈,2847m,35°46′00″,,
137°47′39″,三ノ沢　,三ノ沢岳（さんのさわだけ）　Ｈ26三角点標高改訂　,,,,
ひのきおだけ,,,,,,
檜尾岳,長野県,木曽山脈,2728m,35°45′07″,,
137°48′48″,梯子樽　,　,,,,
くまざわだけ,,,,,,
熊沢岳,長野県,木曽山脈,2778m,35°44′21″,,
137°48′12″,標高点　,　,,,,
ひがしかわだけ,,,,,,
東川岳,長野県,木曽山脈,2671m,35°43′31″,,
137°48′20″,標高点　,　,,,,
うつぎだけ,,,,,,
空木岳,長野県,木曽山脈,2864m,35°43′08″,,
137°49′02″,駒ケ岳　,　,,,,
みなみこまがたけ,,,,,,
南駒ヶ岳,長野県,木曽山脈,2841m,35°42′05″,,
137°48′39″,標高点　,　,,,,
みなみこまがたけ<あかなぎだけ>,,,,,,
南駒ヶ岳< 赤梛岳>,長野県,木曽山脈,2798m,35°42′22″,,
137°48′56″,標高点　,　,,,,
せんがいれい,,,,,,
仙涯嶺,長野県,木曽山脈,2734m,35°41′32″,,
137°48′49″,標高点　,　,,,,
こすもやま,,,,,,
越百山,長野県,木曽山脈,2614m,35°40′46″,,
137°48′12″,越百　,Ｈ26三角点標高改訂　,,,,
あんぺいじやま,,,,,,
安平路山,長野県,木曽山脈,2363m,35°37′50″,,
137°46′28″,二ツ薙　,　,,,,
すりこぎやま,,,,,,
摺古木山,長野県,木曽山脈,2169m,35°36′46″,,
137°44′15″,摺小木山　,　,,,,
なぎそだけ,,,,,,
南木曽岳,長野県,木曽山脈,1679m,35°35′33″,,
137°38′39″,標高点　,　,,,,
かざこしやま（ごんげんやま）,,,,,,
風越山（権現山）,長野県,木曽山脈,1535m,35°32′58″,,
137°47′02″,権現山　,　,,,,
えなさん,,,,,,
恵那山,長野県 岐阜県,木曽山脈,2191m,35°26′37″,,
137°35′50″,標高点　,　,,,,
もりやさん,,,,,,
守屋山,長野県,赤石山脈北部,1651m,35°58′03″,,
138°05′36″,守屋山　,Ｈ26三角点標高改訂　,,,,
にゅうがさやま,,,,,,
入笠山,長野県,赤石山脈北部,1955m,35°53′47″,,
138°10′18″,入笠山　,　,,,,
のこぎりだけ,,,,,,
鋸岳,山梨県 長野県,赤石山脈北部,2685m,35°46′44″,,
138°12′36″,標高点　,山名変更：Ｈ2関係自治体からの申請による　,,,,
こまがたけ,,,,,,
駒ヶ岳,山梨県 長野県,赤石山脈北部,2967m,35°45′29″,,
138°14′12″,標高点　,甲斐駒ヶ岳（かいこまがたけ）　東駒ヶ岳（ひがしこまがたけ）　,,,,
こまつみね,,,,,,
駒津峰,山梨県 長野県,赤石山脈北部,2752m,35°45′17″,,
138°13′51″,標高点　,　,,,,
ふたごやま,,,,,,
双児山,山梨県 長野県,赤石山脈北部,2649m,35°45′03″,,
138°13′17″,標高点　,　,,,,
あさよみね,,,,,,
アサヨ峰,山梨県,赤石山脈北部,2799m,35°43′54″,,
138°14′29″,鳳凰山　,　,,,,
あさよみね<くりさわやま>,,,,,,
アサヨ峰<栗沢山>,山梨県,赤石山脈北部,2714m,35°44′17″,,
138°14′03″,標高点　,　,,,,
たかみね,,,,,,
高嶺,山梨県,赤石山脈北部,2779m,35°42′35″,,
138°17′16″,高嶺　,たかね　,,,,
じぞうがたけ,,,,,,
地蔵ヶ岳,山梨県,赤石山脈北部（鳳凰山）,2764m,35°42′44″,,
138°17′55″,標高点　,　,,,,
かんのんがだけ,,,,,,
観音ヶ岳,山梨県,赤石山脈北部（鳳凰山）,2841m,35°42′06″,,
138°18′17″,観音岳　,Ｈ26三角点標高改訂　山名変更：Ｈ17関係自治体の申請による　,,,,
やくしがだけ,,,,,,
薬師ヶ岳,山梨県,赤石山脈北部（鳳凰山）,2780m,35°41′46″,,
138°18′42″,標高点　,山名変更：Ｈ17関係自治体の申請による　,,,,
つじやま,,,,,,
辻山,山梨県,赤石山脈北部,2585m,35°40′35″,,
138°19′19″,辻　,　,,,,
くしがたやま,,,,,,
櫛形山,山梨県,赤石山脈北部,2052m,35°35′12″,,
138°22′09″,奥仙重　,　,,,,
せんじょうがたけ,,,,,,
仙丈ヶ岳,山梨県 長野県,赤石山脈北部,3033m,35°43′12″,,
138°11′01″,前岳　,　,,,,
いなあらくらだけ,,,,,,
伊那荒倉岳,山梨県 長野県,赤石山脈北部,2519m,35°41′21″,,
138°11′39″,標高点　,　,,,,
こたろうやま,,,,,,
小太郎山,山梨県,赤石山脈北部,2725m,35°42′03″,,
138°14′24″,小太郎岳　,　,,,,
きただけ,,,,,,
北岳,山梨県,赤石山脈北部（白根山）,3193m,35°40′28″,,
138°14′20″,測定点　,Ｈ16現地計測による標高改訂　,,,,
あいのだけ,,,,,,
間ノ岳,山梨県 静岡県,赤石山脈北部（白根山）,3190m,35°38′46″,,
138°13′42″,相ノ岳　,Ｈ26三角点標高改訂　,,,,
のうとりだけ<にしのうとりだけ>,,,,,,
農鳥岳<西農鳥岳>,山梨県 静岡県,赤石山脈北部（白根山）,3051m,35°37′29″,,
138°13′49″,標高点　,　,,,,
のうとりだけ,,,,,,
農鳥岳,山梨県 静岡県,赤石山脈北部（白根山）,3026m,35°37′16″,,
138°14′13″,農鳥山　,　,,,,
おおからまつやま,,,,,,
大唐松山,山梨県,赤石山脈北部,2561m,35°37′18″,,
138°16′10″,標高点　,　,,,,
ひろごうちだけ,,,,,,
広河内岳,山梨県 静岡県,赤石山脈北部,2895m,35°36′22″,,
138°14′09″,標高点　,　,,,,
おおかごだけ,,,,,,
大籠岳,山梨県 静岡県,赤石山脈北部,2767m,35°35′35″,,
138°14′36″,大籠　,おおごもりだけ　,,,,
ささやま,,,,,,
笹山,山梨県 静岡県,赤石山脈北部,2733m,35°34′16″,,
138°14′38″,標高点　,黒河内岳（くろこうちだけ）　,,,,
くろべいやま,,,,,,
黒檜山,長野県,赤石山脈北部,2541m,35°38′40″,,
138°11′10″,黒檜山　,Ｈ26三角点標高改訂　,,,,
あべあらくらだけ,,,,,,
安倍荒倉岳,長野県 静岡県,赤石山脈北部,2693m,35°37′23″,,
138°12′11″,安部荒倉　,　,,,,
しんじゃぬけやま,,,,,,
新蛇抜山,長野県 静岡県,赤石山脈北部,2667m,35°36′26″,,
138°12′19″,標高点　,　,,,,
きたあらかわだけ,,,,,,
北荒川岳,長野県,赤石山脈北部,2698m,35°35′41″,,
138°11′40″,伊那荒倉　,　,,,,
しおみだけ,,,,,,
塩見岳,長野県 静岡県,赤石山脈北部,3047m,35°34′26″,,
138°10′59″,塩見山　,　,,,,
こうもりだけ,,,,,,
蝙蝠岳,静岡県,赤石山脈北部,2865m,35°33′25″,,
138°12′26″,中俣　,　,,,,
とくえもんだけ,,,,,,
徳右衛門岳,静岡県,赤石山脈北部,2599m,35°32′22″,,
138°13′35″,飛瀬　,　,,,,
ほんたにやま,,,,,,
本谷山,長野県 静岡県,赤石山脈北部,2658m,35°34′15″,,
138°09′06″,黒川　,　,,,,
とくらやま（いなふじ）,,,,,,
戸倉山（伊那富士）,長野県,赤石山脈北部,1681m,35°44′42″,,
138°03′07″,戸倉山　,　,,,,
えぼしだけ,,,,,,
烏帽子岳,長野県 静岡県,赤石山脈南部,2726m,35°33′13″,,
138°09′13″,標高点　,　,,,,
こごうちだけ,,,,,,
小河内岳,長野県 静岡県,赤石山脈南部,2802m,35°32′16″,,
138°09′11″,小河内　,　,,,,
こひかげやま,,,,,,
小日影山,長野県,赤石山脈南部,2506m,35°31′31″,,
138°07′35″,小日影山　,Ｈ26三角点標高改訂　,,,,
おおひかげやま,,,,,,
大日影山,長野県 静岡県,赤石山脈南部,2573m,35°31′20″,,
138°08′18″,標高点　,　,,,,
いたやだけ,,,,,,
板屋岳,長野県 静岡県,赤石山脈南部,2646m,35°31′05″,,
138°08′46″,標高点　,　,,,,
ひがしだけ（わるさわだけ）,,,,,,
東岳（悪沢岳）,静岡県,赤石山脈南部,3141m,35°30′03″,,
138°10′57″,標高点　,あずまだけ　荒川東岳（あらかわひがしだけ）　,,,,
あらかわだけ<なかだけ>,,,,,,
荒川岳<中岳>,静岡県,赤石山脈南部,3084m,35°29′48″,,
138°10′01″,荒川岳　,Ｈ26三角点標高改訂　,,,,
あらかわだけ<まえだけ>,,,,,,
荒川岳<前岳>,長野県 静岡県,赤石山脈南部,3068m,35°29′39″,,
138°09′51″,標高点　,　,,,,
あかいしだけ,,,,,,
赤石岳,長野県 静岡県,赤石山脈南部,3121m,35°27′40″,,
138°09′26″,赤石岳　,Ｈ26三角点標高改訂　,,,,
おくちゃうすやま,,,,,,
奥茶臼山,長野県,赤石山脈南部,2474m,35°29′06″,,
138°04′09″,奥茶臼山　,　,,,,
きめんざん,,,,,,
鬼面山,長野県,赤石山脈南部,1890m,35°29′31″,,
137°59′25″,鬼面山　,Ｈ26三角点標高改訂　,,,,
おおさわだけ,,,,,,
大沢岳,長野県 静岡県,赤石山脈南部,2820m,35°26′56″,,
138°07′13″,大沢岳　,Ｈ26三角点標高改訂　,,,,
なかもりまるやま,,,,,,
中盛丸山,長野県 静岡県,赤石山脈南部,2807m,35°26′34″,,
138°07′19″,標高点　,　,,,,
うさぎだけ,,,,,,
兎岳,長野県 静岡県,赤石山脈南部,2818m,35°25′43″,,
138°07′16″,標高点　,　,,,,
ひじりだけ<まえひじりだけ>,,,,,,
聖岳<前聖岳>,長野県 静岡県,赤石山脈南部,3013m,35°25′22″,,
138°08′23″,標高点　,　,,,,
かみこうちだけ,,,,,,
上河内岳,静岡県,赤石山脈南部,2803m,35°23′23″,,
138°09′10″,上河内岳　,　,,,,
ちゃうすだけ,,,,,,
茶臼岳,長野県 静岡県,赤石山脈南部,2604m,35°22′09″,,
138°08′26″,標高点　,　,,,,
にっただけ,,,,,,
仁田岳,静岡県,赤石山脈南部,2524m,35°21′39″,,
138°07′38″,仁田岳　,　,,,,
てかりだけ,,,,,,
光岳,静岡県 長野県,赤石山脈南部,2592m,35°20′17″,,
138°05′02″,光岳　,Ｈ26三角点標高改訂　,,,,
いけぐちだけ,,,,,,
池口岳,長野県 静岡県,赤石山脈南部,2392m,35°19′49″,,
138°02′18″,標高点　,　,,,,
しらくらやま,,,,,,
白倉山,長野県 静岡県,赤石山脈南部,1851m,35°18′06″,,
137°59′32″,標高点　,　,,,,
くまぶしやま,,,,,,
熊伏山,長野県,赤石山脈南部,1654m,35°15′48″,,
137°53′42″,熊伏山　,Ｈ26三角点標高改訂　,,,,
だいむげんざん,,,,,,
大無間山,静岡県,赤石山脈南部,2330m,35°15′22″,,
138°09′42″,大無間山　,だいむけんざん　Ｈ26三角点標高改訂　,,,,
ふどうがたけ,,,,,,
不動岳,静岡県,赤石山脈南部,2172m,35°14′08″,,
138°02′28″,不動ケ岳　,Ｈ26三角点標高改訂　,,,,
くろぼうしがたけ,,,,,,
黒法師岳,静岡県,赤石山脈南部,2068m,35°11′46″,,
138°01′46″,黒法師岳　,Ｈ26三角点標高改訂　,,,,
そばつぶやま,,,,,,
蕎麦粒山,静岡県,赤石山脈南部,1627m,35°07′34″,,
138°02′07″,川東　,　,,,,
たかつかやま,,,,,,
高塚山,静岡県,赤石山脈南部,1621m,35°06′56″,,
138°00′13″,京丸山　,　,,,,
きょうまるやま,,,,,,
京丸山,静岡県,赤石山脈南部,1470m,35°05′46″,,
137°57′57″,堂木　,Ｈ26三角点標高改訂　,,,,
あきはさん,,,,,,
秋葉山,静岡県,赤石山脈南部,885m,34°58′54″,,
137°51′58″,標高点　,　,,,,
はっこうさん,,,,,,
八高山,静岡県,赤石山脈南部,832m,34°54′27″,,
138°03′24″,八高山　,　,,,,
ざるがたけ,,,,,,
笊ヶ岳,山梨県 静岡県,赤石山脈南部,2629m,35°25′27″,,
138°15′34″,笊ケ岳　,　,,,,
ぬのびきやま,,,,,,
布引山,山梨県 静岡県,赤石山脈南部,2584m,35°24′31″,,
138°15′30″,大布引　,千挺木山（せんちょうぎやま）　,,,,
あおなぎやま,,,,,,
青薙山,静岡県,赤石山脈南部,2406m,35°22′11″,,
138°13′43″,青薙岳　,　,,,,
みのぶさん,,,,,,
身延山,山梨県,身延山地,1153m,35°23′51″,,
138°24′59″,標高点　,　,,,,
しちめんざん,,,,,,
七面山,山梨県,身延山地,1989m,35°22′10″,,
138°20′56″,標高点　,　,,,,
やんぶし,,,,,,
山伏,山梨県 静岡県,身延山地,2013m,35°18′16″,,
138°17′07″,山伏峠　,Ｈ22三角点改測　,,,,
じゅうまいざん,,,,,,
十枚山,静岡県 山梨県,身延山地,1726m,35°15′13″,,
138°22′41″,標高点　,　,,,,
しのいさん,,,,,,
篠井山,山梨県,身延山地,1394m,35°14′52″,,
138°25′35″,篠井山　,　,,,,
[たかどっきょう],,,,,,
[高ドッキョウ],山梨県 静岡県,身延山地,1133m,35°10′43″,,
138°26′17″,太平村　,Ｈ26三角点標高改訂　,,,,
りゅうそうざん,,,,,,
竜爪山,静岡県,身延山地,1051m,35°05′18″,,
138°24′13″,標高点　,　,,,,
くのうざん,,,,,,
久能山,静岡県,身延山地,216m,34°57′58″,,
138°28′05″,標高点　,　,,,,
ちゃうすやま,,,,,,
茶臼山,長野県 愛知県,美濃・三河高原,1416m,35°13′39″,,
137°39′20″,茶臼山　,Ｈ26三角点標高改訂　,,,,
たかのすやま,,,,,,
鷹ノ巣山,愛知県,美濃・三河高原,1153m,35°09′09″,,
137°29′42″,段戸山Ⅰ　,Ｈ26三角点標高改訂　山名変更：Ｈ17関係自治体からの申請による　,,,,
ほうらいじさん,,,,,,
鳳来寺山,愛知県,美濃・三河高原,695m,34°59′03″,,
137°34′58″,標高点　,　,,,,
ほんぐうさん,,,,,,
本宮山,愛知県,美濃・三河高原,789m,34°54′35″,,
137°25′14″,三本宮山　,　,,,,
さなげやま,,,,,,
猿投山,愛知県,美濃・三河高原,629m,35°12′21″,,
137°10′01″,猿投山　,　,,,,
きんかざん,,,,,,
金華山,岐阜県,美濃・三河高原,329m,35°26′00″,,
136°46′53″,金花山　,　,,,,
ほうりゅうざん,,,,,,
宝立山,石川県,能登半島,471m,37°25′43″,,
137°09′45″,標高点　,　,,,,
はちぶせやま,,,,,,
鉢伏山,石川県,能登半島,544m,37°22′40″,,
136°58′15″,鉢伏山　,　,,,,
せきどうさん,,,,,,
石動山,石川県,宝達丘陵,564m,36°57′56″,,
136°58′15″,標高点　,　,,,,
ほうだつさん,,,,,,
宝達山,石川県,宝達丘陵,637m,36°46′55″,,
136°48′47″,宝達山　,　,,,,
ふたがみやま,,,,,,
二上山,富山県,宝達丘陵,274m,36°47′24″,,
137°00′55″,標高点　,　,,,,
うしだけ,,,,,,
牛岳,富山県, 高地,987m,36°32′28″,,
137°01′54″,鍬崎　,　,,,,
しらきみね,,,,,,
白木峰,富山県 岐阜県, 高地,1596m,36°24′56″,,
137°06′44″,標高点　,　,,,,
こんごうどうざん,,,,,,
金剛堂山,富山県, 高地,1650m,36°22′44″,,
137°02′56″,標高点　,　,,,,
にんぎょうやま,,,,,,
人形山,岐阜県 富山県, 高地,1726m,36°20′56″,,
136°56′23″,標高点　,　,,,,
みつがつじやま,,,,,,
三ヶ辻山,岐阜県, 高地,1764m,36°20′17″,,
136°57′00″,三ケ辻　,　,,,,
さるがばばやま,,,,,,
猿ヶ馬場山,岐阜県, 高地,1875m,36°13′33″,,
136°56′34″,標高点　,さるがばんばやま　,,,,
ごぜんだけ,,,,,,
御前岳,岐阜県, 高地,1816m,36°11′53″,,
136°57′37″,御前岳　,　,,,,
おおあまみやま,,,,,,
大雨見山,岐阜県, 高地,1336m,36°15′12″,,
137°17′55″,大雨見山　,　,,,,
くらいやま,,,,,,
位山,岐阜県, 高地,1529m,36°02′18″,,
137°11′48″,位山　,　,,,,
かおれだけ,,,,,,
川上岳,岐阜県, 高地,1625m,36°00′30″,,
137°08′58″,兎馬場　,Ｈ26三角点標高改訂　,,,,
わしがたけ,,,,,,
鷲ヶ岳,岐阜県, 高地,1671m,35°56′25″,,
136°58′17″,鷲ケ岳　,Ｈ20三角点標高改訂　,,,,
やおとめやま,,,,,,
八乙女山,富山県,白山山地,756m,36°32′26″,,
136°58′59″,標高点　,　,,,,
たかしょうずやま,,,,,,
高清水山,富山県,白山山地,1145m,36°28′38″,,
136°56′34″,標高点　,　,,,,
いおうぜん<おくいおうぜん>,,,,,,
医王山<奥医王山>,富山県 石川県,白山山地,939m,36°30′46″,,
136°47′46″,医王山　,山頂名追加：Ｈ5関係自治体からの申請による　,,,,
くちさんぼうだけ,,,,,,
口三方岳,石川県,白山山地,1269m,36°22′24″,,
136°42′56″,板尾　,　,,,,
たかさぶろうやま,,,,,,
高三郎山,石川県,白山山地,1445m,36°22′16″,,
136°46′25″,標高点　,　,,,,
だいもんざん,,,,,,
大門山,富山県 石川県,白山山地,1572m,36°21′55″,,
136°48′13″,大門山　,　,,,,
おおがさやま,,,,,,
大笠山,富山県 石川県,白山山地,1822m,36°19′14″,,
136°47′23″,大笠山　,　,,,,
おいずるがだけ,,,,,,
笈ヶ岳,富山県 石川県 岐阜県,白山山地,1841m,36°17′55″,,
136°47′32″,笈岳　,　,,,,
さんぽういわだけ,,,,,,
三方岩岳,石川県 岐阜県,白山山地,1736m,36°15′29″,,
136°50′40″,標高点　,　,,,,
さんぽうくずれやま,,,,,,
三方崩山,岐阜県,白山山地,2059m,36°10′44″,,
136°51′37″,三方崩岳　,　,,,,
ななくらやま,,,,,,
七倉山,石川県,白山山地,2557m,36°10′16″,,
136°45′31″,標高点　,　,,,,
はくさん<ごぜんがみね>,,,,,,
白山<御前峰>,石川県 岐阜県,白山山地,2702m,36°09′18″,,
136°46′17″,白山　,　,,,,
はくさんしゃかだけ,,,,,,
白山釈迦岳,石川県,白山山地,2053m,36°09′08″,,
136°44′08″,釈迦岳　,　,,,,
べっさん,,,,,,
別山,石川県 岐阜県,白山山地,2399m,36°06′20″,,
136°45′57″,別山　,　,,,,
がんきょうじやま,,,,,,
願教寺山,福井県 岐阜県,白山山地,1691m,36°03′25″,,
136°44′23″,願教寺山　,　,,,,
のぶせがだけ,,,,,,
野伏ヶ岳,岐阜県 福井県,白山山地,1674m,36°00′46″,,
136°43′57″,野伏　,　,,,,
だいにちがたけ,,,,,,
大日ヶ岳,岐阜県,白山山地,1709m,36°00′05″,,
136°50′16″,大日ケ岳　,　,,,,
あかうさぎやま,,,,,,
赤兎山,福井県 石川県,白山山地,1629m,36°04′03″,,
136°39′43″,赤鬼山　,あかとやま　,,,,
きょうがだけ,,,,,,
経ヶ岳,福井県,白山山地,1625m,36°02′47″,,
136°37′19″,経ケ岳　,　,,,,
わっそうがたけ,,,,,,
鷲走ヶ岳,石川県,白山山地,1097m,36°15′57″,,
136°36′56″,高尾山　,　,,,,
だいにちざん,,,,,,
大日山,石川県,白山山地,1368m,36°09′43″,,
136°29′35″,標高点　,　,,,,
ふじしゃがだけ,,,,,,
富士写ヶ岳,石川県,白山山地,942m,36°11′19″,,
136°21′50″,富士写岳　,　,,,,
じょうほうじやま,,,,,,
浄法寺山,福井県,白山山地,1053m,36°07′30″,,
136°23′34″,浄法寺山　,　,,,,
くにみだけ,,,,,,
国見岳,福井県,越美・伊吹山地,656m,36°04′45″,,
136°05′02″,国見岳　,　,,,,
ひのさん,,,,,,
日野山,福井県,越美・伊吹山地,794m,35°51′33″,,
136°12′27″,日野山　,　,,,,
へこさん,,,,,,
部子山,福井県,越美・伊吹山地,1464m,35°53′10″,,
136°26′21″,部子山　,　,,,,
あらしまだけ,,,,,,
荒島岳,福井県,越美・伊吹山地,1523m,35°56′03″,,
136°36′05″,荒島山　,　,,,,
へいけがだけ,,,,,,
平家岳,福井県,越美・伊吹山地,1442m,35°48′36″,,
136°43′08″,平家岳　,　,,,,
こうがさん,,,,,,
高賀山,岐阜県,越美・伊吹山地,1224m,35°40′19″,,
136°51′33″,高賀山　,　,,,,
びょうぶざん,,,,,,
,福井県 岐阜県,越美・伊吹山地,1354m,35°47′49″,,
136°37′36″,屏風山　,　,,,,
うばがたけ,,,,,,
姥ヶ岳,福井県,越美・伊吹山地,1454m,35°48′34″,,
136°30′21″,小沢　,　,,,,
のうごうはくさん（ごんげんさん）,,,,,,
能郷白山（権現山）,岐阜県,越美・伊吹山地,1617m,35°45′45″,,
136°30′51″,能郷白山　,　,,,,
かんむりやま,,,,,,
冠山,福井県 岐阜県,越美・伊吹山地,1257m,35°46′47″,,
136°24′34″,冠山　,　,,,,
さんしゅうがたけ,,,,,,
三周ヶ岳,岐阜県,越美・伊吹山地,1292m,35°41′01″,,
136°18′00″,三周岳　,　,,,,
かなくそだけ,,,,,,
金糞岳,岐阜県 滋賀県,越美・伊吹山地,1317m,35°33′00″,,
136°20′14″,標高点　,　,,,,
いぶきやま,,,,,,
伊吹山,滋賀県,越美・伊吹山地,1377m,35°25′04″,,
136°24′23″,伊吹山　,　,,,,
りょうぜんざん,,,,,,
霊仙山,滋賀県,鈴鹿・布引山地,1094m,35°16′45″,,
136°22′53″,標高点　,　,,,,
しょうがだけ,,,,,,
笙ヶ岳,岐阜県,鈴鹿・布引山地,908m,35°17′01″,,
136°30′40″,笙ケ岳　,　,,,,
ようろうさん,,,,,,
養老山,岐阜県,鈴鹿・布引山地,859m,35°15′47″,,
136°31′24″,養老山　,　,,,,
おいけだけ,,,,,,
御池岳,滋賀県,鈴鹿・布引山地,1247m,35°10′43″,,
136°24′54″,標高点　,　,,,,
りゅうがだけ,,,,,,
竜ヶ岳,滋賀県 三重県,鈴鹿・布引山地,1099m,35°07′10″,,
136°26′43″,竜ケ岳　,Ｈ21三角点標高改訂　,,,,
ございしょやま,,,,,,
御在所山,滋賀県 三重県,鈴鹿・布引山地,1212m,35°01′14″,,
136°25′04″,標高点　,　,,,,
あまごいだけ,,,,,,
雨乞岳,滋賀県,鈴鹿・布引山地,1238m,35°01′16″,,
136°23′03″,雨乞岳　,　,,,,
たかはたやま,,,,,,
高畑山,三重県 滋賀県,鈴鹿・布引山地,773m,34°53′23″,,
136°19′15″,山中村　,　,,,,
れいさん,,,,,,
霊山,三重県,鈴鹿・布引山地,766m,34°49′02″,,
136°15′38″,霊山　,Ｈ26三角点標高改訂　,,,,
きょうがみね,,,,,,
経が峰,三重県,鈴鹿・布引山地,819m,34°45′59″,,
136°22′28″,経ケ峰　,　,,,,
かさとりやま,,,,,,
笠取山,三重県,鈴鹿・布引山地,842m,34°44′03″,,
136°17′48″,標高点　,　,,,,
ぶながだけ,,,,,,
武奈ヶ岳,滋賀県,琵琶湖周辺,1214m,35°15′53″,,
135°53′49″,武奈岳　,山名変更：Ｈ18関係自治体からの申請による　,,,,
みなこやま,,,,,,
皆子山,京都府 滋賀県,琵琶湖周辺,971m,35°12′08″,,
135°50′07″,葛川　,Ｈ26三角点標高改訂　,,,,
ほうらいさん,,,,,,
蓬莱山,滋賀県,琵琶湖周辺,1174m,35°12′34″,,
135°53′09″,比良ケ岳　,　,,,,
ひえいざん<だいひえい>,,,,,,
比叡山<大比叡>,滋賀県 京都府,琵琶湖周辺,848m,35°03′57″,,
135°50′04″,比叡山　,　,,,,
おとわやま,,,,,,
音羽山,京都府,琵琶湖周辺,593m,34°58′37″,,
135°51′11″,小山　,　,,,,
みかみやま,,,,,,
三上山,滋賀県,琵琶湖周辺,432m,35°03′02″,,
136°02′16″,標高点　,　,,,,
じゅうぶざん,,,,,,
鷲峰山,京都府,笠置山地,682m,34°49′50″,,
135°54′30″,標高点　,　,,,,
かさぎやま,,,,,,
笠置山,京都府,笠置山地,324m,34°45′07″,,
135°57′02″,笠置山　,　,,,,
わかくさやま（みかさやま）,,,,,,
若草山（三笠山）,奈良県,笠置山地,342m,34°41′28″,,
135°51′16″,三笠山　,　,,,,
みわやま,,,,,,
三輪山,奈良県,笠置山地,467m,34°32′06″,,
135°52′01″,三輪山　,　,,,,
みみなしやま,,,,,,
耳成山,奈良県,奈良盆地,139m,34°30′53″,,
135°48′19″,耳成山　,Ｈ13三角点改測　,,,,
あまのかぐやま,,,,,,
天香久山,奈良県,奈良盆地,152m,34°29′45″,,
135°49′06″,標高点　,　,,,,
うねびやま,,,,,,
畝傍山,奈良県,奈良盆地,199m,34°29′33″,,
135°47′05″,畝傍山　,　,,,,
いこまやま,,,,,,
生駒山,大阪府 奈良県,生駒・金剛・和泉山地,642m,34°40′42″,,
135°40′44″,生駒山　,　,,,,
しぎさん,,,,,,
信貴山,奈良県,生駒・金剛・和泉山地,437m,34°36′46″,,
135°40′06″,標高点　,　,,,,
にじょうさん<おだけ>,,,,,,
二上山<雄岳>,奈良県,生駒・金剛・和泉山地,517m,34°31′33″,,
135°40′39″,標高点　,　,,,,
かつらぎさん,,,,,,
葛城山,奈良県 大阪府,生駒・金剛・和泉山地,959m,34°27′22″,,
135°40′56″,篠峰山　,　,,,,
こんごうざん,,,,,,
金剛山,奈良県,生駒・金剛・和泉山地,1125m,34°25′10″,,
135°40′23″,標高点　,　,,,,
いわわきさん,,,,,,
岩湧山,大阪府,生駒・金剛・和泉山地,897m,34°22′27″,,
135°33′04″,岩湧山　,　,,,,
かつらぎさん,,,,,,
葛城山,大阪府 和歌山県,生駒・金剛・和泉山地,858m,34°20′53″,,
135°26′04″,標高点　,　,,,,
そせきざん,,,,,,
俎石山,和歌山県 大阪府,生駒・金剛・和泉山地,420m,34°18′30″,,
135°12′28″,俎石山　,　,,,,
ほっさかさん,,,,,,
堀坂山,三重県,高見山地,757m,34°32′48″,,
136°25′58″,堀坂山　,　,,,,
あまがだけ,,,,,,
尼ケ岳,三重県,高見山地,957m,34°33′27″,,
136°13′11″,尼ケ岳　,Ｈ21三角点標高改訂　,,,,
くろそやま,,,,,,
倶留尊山,三重県 奈良県,高見山地,1037m,34°31′51″,,
136°10′13″,倶留尊山　,Ｈ21三角点標高改訂　,,,,
つぼねがだけ,,,,,,
局ヶ岳,三重県,高見山地,1029m,34°27′38″,,
136°19′37″,局岳　,　,,,,
みうねやま,,,,,,
三峰山,三重県 奈良県,高見山地,1235m,34°26′55″,,
136°12′23″,三嶺山　,　,,,,
たかみやま,,,,,,
高見山,三重県 奈良県,高見山地,1248m,34°25′43″,,
136°05′18″,高見山　,　,,,,
りゅうもんがだけ,,,,,,
竜門岳,奈良県,高見山地,904m,34°26′26″,,
135°53′52″,竜門岳　,竜門山（りゅうもんざん）　,,,,
あさまがたけ,,,,,,
朝熊ヶ岳,三重県,紀伊山地東部,555m,34°27′40″,,
136°46′53″,標高点　,　,,,,
ななほらがたけ,,,,,,
七洞岳,三重県,紀伊山地東部,778m,34°22′23″,,
136°30′57″,白岩峰　,　,,,,
まよいだけ,,,,,,
迷岳,三重県,紀伊山地東部（大台原山とその周辺）,1309m,34°21′00″,,
136°12′27″,迷ケ岳　,　,,,,
くにみやま,,,,,,
国見山,三重県 奈良県,紀伊山地東部（大台原山とその周辺）,1419m,34°22′33″,,
136°05′12″,青俣山　,　,,,,
いけごややま,,,,,,
池木屋山,三重県 奈良県,紀伊山地東部（大台原山とその周辺）,1396m,34°18′58″,,
136°07′46″,中奥　,　,,,,
しらひげだけ,,,,,,
白鬚岳,奈良県,紀伊山地東部（大台原山とその周辺）,1378m,34°17′35″,,
136°02′49″,神ノ谷　,　,,,,
おおだいがはらざん<ひのでがたけ>,,,,,,
大台ヶ原山<日出ヶ岳>,奈良県 三重県,紀伊山地東部（大台原山とその周辺）,1695m,34°11′07″,,
136°06′33″,大台ケ原山　,おおだいがはらやま＜ひでがたけ＞　,,,,
さんじょうがたけ,,,,,,
山上ヶ岳,奈良県,紀伊山地東部（大峰山脈）,1719m,34°15′09″,,
135°56′28″,大峰山上　,　,,,,
だいふげんだけ,,,,,,
大普賢岳,奈良県,紀伊山地東部（大峰山脈）,1780m,34°13′40″,,
135°57′46″,普賢森　,　,,,,
みせん,,,,,,
弥山,奈良県,紀伊山地東部（大峰山脈）,1895m,34°10′48″,,
135°54′34″,標高点　,　,,,,
はっきょうがだけ,,,,,,
八経ヶ岳,奈良県,紀伊山地東部（大峰山脈）,1915m,34°10′25″,,
135°54′27″,彌仙山　,山名変更：Ｈ18関係自治体からの申請による　,,,,
ぶっしょうがだけ,,,,,,
仏生嶽,奈良県,紀伊山地東部（大峰山脈）,1805m,34°08′04″,,
135°54′47″,佛生岳　,　,,,,
しゃかがだけ,,,,,,
釈迦ヶ岳,奈良県,紀伊山地東部（大峰山脈）,1800m,34°06′52″,,
135°54′11″,釈迦ケ岳　,　,,,,
ねはんだけ,,,,,,
涅槃岳,奈良県,紀伊山地東部（大峰山脈）,1376m,34°03′30″,,
135°53′49″,赤井谷　,　,,,,
かさすてやま,,,,,,
笠捨山,奈良県,紀伊山地東部（大峰山脈）,1353m,33°58′58″,,
135°53′54″,笠捨山　,Ｈ21三角点標高改訂　,,,,
たまきやま,,,,,,
玉置山,奈良県,紀伊山地東部（大峰山脈）,1077m,33°55′36″,,
135°49′54″,玉置山　,Ｈ21三角点標高改訂　,,,,
たかみねさん,,,,,,
高峰山,三重県,紀伊山地東部,1045m,34°01′55″,,
136°08′50″,高小屋山　,　,,,,
ねのとまりやま,,,,,,
子ノ泊山,三重県,紀伊山地東部,907m,33°47′40″,,
135°55′50″,子ノ泊山　,　,,,,
りゅうもんざん,,,,,,
龍門山,和歌山県,紀伊山地西部,756m,34°14′17″,,
135°24′41″,竜門山　,　,,,,
おいしがみね,,,,,,
生石ヶ峰,和歌山県,紀伊山地西部,870m,34°06′18″,,
135°20′03″,生石山　,　,,,,
しらまやま,,,,,,
白馬山,和歌山県,紀伊山地西部,957m,34°00′57″,,
135°22′20″,白馬岳　,　,,,,
おばこだけ,,,,,,
伯母子岳,奈良県,紀伊山地西部,1344m,34°04′39″,,
135°39′03″,標高点　,　,,,,
ごまだんざん,,,,,,
護摩壇山,奈良県 和歌山県,紀伊山地西部,1372m,34°03′27″,,
135°34′01″,標高点　,ごまだんやま　,,,,
うしまわしやま,,,,,,
牛廻山,奈良県 和歌山県,紀伊山地西部,1207m,33°56′56″,,
135°37′53″,上湯川　,　,,,,
ひやみずやま,,,,,,
冷水山,奈良県,紀伊山地西部,1262m,33°53′57″,,
135°39′10″,果無山　,　,,,,
おおとうざん,,,,,,
大塔山,和歌山県,紀伊山地西部,1122m,33°43′37″,,
135°42′50″,大塔山　,　,,,,
ほうしやま,,,,,,
法師山,和歌山県,紀伊山地西部,1121m,33°43′33″,,
135°39′55″,法師ノ森　,Ｈ17三角点改測　,,,,
なちさん<えぼしやま>,,,,,,
那智山<烏帽子山>,和歌山県,紀伊山地西部,910m,33°41′46″,,
135°54′03″,帽子石山　,Ｈ21三角点標高改訂　,,,,
ぜんじのもりやま,,,,,,
善司ノ森山,和歌山県,紀伊山地西部,591m,33°35′37″,,
135°32′49″,善司ノ森　,　,,,,
のさかだけ,,,,,,
野坂岳,福井県,丹波高地,913m,35°35′23″,,
136°01′29″,野坂岳　,Ｈ26三角点標高改訂　,,,,
くもだにやま,,,,,,
雲谷山,福井県,丹波高地,786m,35°33′28″,,
135°56′42″,雲谷　,Ｈ26三角点標高改訂　,,,,
くすやがだけ,,,,,,
久須夜ヶ岳,福井県,丹波高地,619m,35°33′27″,,
135°44′01″,久須夜ケ岳　,　,,,,
ひゃくりがだけ,,,,,,
百里ヶ岳,福井県 滋賀県,丹波高地,931m,35°23′30″,,
135°48′36″,木地山　,　,,,,
はんせいざん,,,,,,
飯盛山,福井県,丹波高地,584m,35°27′07″,,
135°39′36″,飯盛山　,　,,,,
あおばやま,,,,,,
青葉山,福井県,丹波高地,693m,35°30′18″,,
135°29′02″,標高点　,　,,,,
とうきんざん,,,,,,
頭巾山,福井県 京都府,丹波高地,871m,35°22′39″,,
135°32′04″,納田終村　,ときんやま　,,,,
ちょうろうがだけ,,,,,,
長老ヶ岳,京都府,丹波高地,917m,35°18′12″,,
135°28′26″,長老ケ岳　,　,,,,
さじきがだけ,,,,,,
桟敷ヶ岳,京都府,丹波高地,896m,35°09′33″,,
135°43′02″,桟敷岳　,　,,,,
あたごやま,,,,,,
愛宕山,京都府,丹波高地,924m,35°03′37″,,
135°38′03″,標高点　,　,,,,
ぽんぽんやま,,,,,,
ポンポン山,京都府 大阪府,丹波高地,679m,34°56′07″,,
135°37′26″,加茂勢山　,　,,,,
みょうけんさん,,,,,,
妙見山,大阪府 兵庫県,丹波高地,660m,34°55′44″,,
135°28′02″,妙見山　,　,,,,
うたがきやま,,,,,,
歌垣山,大阪府,丹波高地,553m,34°58′27″,,
135°28′36″,倉垣Ⅰ　,　,,,,
けんびさん,,,,,,
剣尾山,大阪府,丹波高地,784m,35°00′13″,,
135°24′14″,標高点　,　,,,,
みたけ,,,,,,
三嶽,兵庫県,丹波高地,793m,35°07′38″,,
135°14′42″,御岳山　,　,,,,
しらがだけ,,,,,,
白髪岳,兵庫県,丹波高地,722m,35°02′46″,,
135°08′05″,白髪岳　,　,,,,
たいこやま,,,,,,
太鼓山,京都府,丹波高地,683m,35°41′43″,,
135°12′15″,太鼓山　,　,,,,
いさなごさん,,,,,,
磯砂山,京都府,丹波高地,661m,35°32′55″,,
135°02′17″,磯砂山　,　,,,,
おおえやま（せんじょうがたけ）,,,,,,
大江山（千丈ヶ嶽）,京都府,丹波高地,832m,35°27′12″,,
135°06′24″,千丈ケ岳　,Ｈ26三角点標高改訂　,,,,
ひがしとこのおさん,,,,,,
東床尾山,兵庫県,丹波高地,839m,35°25′19″,,
134°54′57″,床ノ尾山　,　,,,,
くるひだけ,,,,,,
来日岳,兵庫県,丹波高地,567m,35°36′43″,,
134°47′08″,来日山　,　,,,,
ろっこうさん,,,,,,
六甲山,兵庫県,六甲山地,931m,34°46′41″,,
135°15′49″,六甲山　,　,,,,
まやさん,,,,,,
摩耶山,兵庫県,六甲山地,702m,34°43′59″,,
135°12′15″,標高点　,　,,,,
みょうけんやま,,,,,,
妙見山,兵庫県,淡路島,522m,34°29′50″,,
134°56′36″,標高点　,　,,,,
ゆづるはさん,,,,,,
諭鶴羽山,兵庫県,淡路島,608m,34°14′06″,,
134°48′51″,諭鶴羽山　,　,,,,
あわがやま,,,,,,
粟鹿山,兵庫県,中国山地東部,962m,35°16′22″,,
134°54′56″,粟鹿山　,　,,,,
せんがみね,,,,,,
千ヶ峰,兵庫県,中国山地東部,1005m,35°08′41″,,
134°53′02″,千ケ峰　,　,,,,
かさがたやま,,,,,,
笠形山,兵庫県,中国山地東部,939m,35°03′51″,,
134°50′05″,笠形山　,　,,,,
くとやま,,,,,,
久斗山,兵庫県,中国山地東部,650m,35°37′16″,,
134°33′46″,標高点　,　,,,,
そぶがたけ,,,,,,
蘇武岳,兵庫県,中国山地東部,1074m,35°28′15″,,
134°38′17″,蘇武滝山　,　,,,,
みょうけんやま,,,,,,
妙見山,兵庫県,中国山地東部,1139m,35°24′38″,,
134°38′38″,標高点　,　,,,,
ふじなしやま,,,,,,
藤無山,兵庫県,中国山地東部,1139m,35°16′00″,,
134°36′02″,三本杉　,　,,,,
だんがみね,,,,,,
段ヶ峰,兵庫県,中国山地東部,1103m,35°11′30″,,
134°43′39″,段ケ峰　,　,,,,
せっぴこさん,,,,,,
雪彦山,兵庫県,中国山地東部,915m,35°04′22″,,
134°39′04″,雪彦山　,　,,,,
おうぎのせん,,,,,,
扇ノ山,鳥取県,中国山地東部,1310m,35°26′23″,,
134°26′27″,扇ノ山　,　,,,,
はちぶせやま,,,,,,
鉢伏山,兵庫県,中国山地東部,1222m,35°23′43″,,
134°32′11″,鉢伏　,Ｈ19三角点再設置　,,,,
ひょうのせん（すがのせん）,,,,,,
氷ノ山（須賀ノ山）,兵庫県 鳥取県,中国山地東部,1510m,35°21′14″,,
134°30′50″,氷ノ山　,　,,,,
みむろやま,,,,,,
三室山,兵庫県 鳥取県,中国山地東部,1358m,35°14′12″,,
134°27′46″,三室山　,　,,,,
とうせん,,,,,,
東山,鳥取県,中国山地東部,1388m,35°17′32″,,
134°22′59″,藤仙山　,　,,,,
おきのやま,,,,,,
沖ノ山,鳥取県,中国山地東部,1318m,35°14′53″,,
134°21′24″,中原　,　,,,,
うしろやま,,,,,,
後山,岡山県 兵庫県,中国山地東部,1344m,35°11′13″,,
134°24′40″,後山　,Ｈ26三角点標高改訂　,,,,
なぎさん,,,,,,
那岐山,鳥取県 岡山県,中国山地東部,1255m,35°10′18″,,
134°10′49″,測定点　,Ｈ13現地測量による標高改訂　,,,,
しょしゃざん,,,,,,
書写山,兵庫県,吉備高原東部,371m,34°53′34″,,
134°39′23″,標高点　,　,,,,
しらはたやま,,,,,,
白旗山,兵庫県,吉備高原東部,440m,34°54′30″,,
134°22′51″,白旗山　,　,,,,
はっとうじさん,,,,,,
八塔寺山,岡山県,吉備高原東部,538m,34°55′23″,,
134°15′08″,八塔寺山　,Ｈ26三角点標高改訂　,,,,
かなやま,,,,,,
金山,岡山県,吉備高原東部,499m,34°44′41″,,
133°56′27″,金山　,Ｈ26三角点標高改訂　,,,,
おおひらやま,,,,,,
大平山,岡山県,吉備高原東部,698m,34°53′56″,,
133°42′25″,大平山　,　,,,,
だいまんじさん,,,,,,
大満寺山,島根県,隠岐,608m,36°15′24″,,
133°19′50″,大満寺山　,　,,,,
たくひやま,,,,,,
焼火山,島根県,隠岐,452m,36°04′29″,,
133°01′55″,焼火山　,　,,,,
あさひやま,,,,,,
朝日山,島根県,島根半島,344m,35°30′28″,,
132°58′35″,標高点　,　,,,,
はなたかせん,,,,,,
鼻高山,島根県,島根半島,536m,35°24′45″,,
132°45′10″,鼻高山　,　,,,,
たかはちやま,,,,,,
高鉢山,鳥取県,中国山地中部,1203m,35°21′37″,,
134°03′04″,標高点　,　,,,,
はなちがせん,,,,,,
花知ヶ仙,岡山県,中国山地中部,1247m,35°15′34″,,
133°58′30″,花知山　,　,,,,
つぐろせん,,,,,,
津黒山,岡山県,中国山地中部,1118m,35°15′07″,,
133°48′54″,津黒山　,つぐろやま　,,,,
ひるぜん<かみひるぜん>,,,,,,
蒜山<上蒜山>,鳥取県 岡山県,中国山地中部,1202m,35°19′30″,,
133°39′48″,標高点　,　,,,,
やはずがせん,,,,,,
矢筈ヶ山,鳥取県,中国山地中部,1358m,35°23′12″,,
133°34′51″,二子山　,Ｈ12三角点改測　,,,,
だいせん<けんがみね>,,,,,,
大山<剣ヶ峰>,鳥取県,中国山地中部,1729m,35°22′16″,,
133°32′46″,標高点　,＜弥山＞の標高は1709m　,,,,
からすがせん,,,,,,
烏ヶ山,鳥取県,中国山地中部,1448m,35°21′21″,,
133°34′13″,標高点　,　,,,,
けなしがせん,,,,,,
毛無山,鳥取県 岡山県,中国山地中部,1219m,35°14′08″,,
133°30′53″,田浪　,Ｈ26三角点標高改訂　,,,,
ほうぶつざん,,,,,,
宝仏山,鳥取県,中国山地中部,1005m,35°13′47″,,
133°28′13″,標高点　,　,,,,
ほしやま,,,,,,
星山,岡山県,中国山地中部,1030m,35°08′31″,,
133°40′38″,星山　,　,,,,
はなみやま,,,,,,
花見山,鳥取県 岡山県,中国山地中部,1188m,35°09′09″,,
133°24′04″,花見山　,　,,,,
おおくらやま,,,,,,
大倉山,鳥取県,中国山地中部,1112m,35°08′01″,,
133°21′19″,大倉山　,　,,,,
せんつうざん,,,,,,
船通山,島根県 鳥取県,中国山地中部,1142m,35°09′21″,,
133°10′43″,船通山　,　,,,,
どうごやま,,,,,,
道後山,広島県 鳥取県,中国山地中部,1271m,35°04′10″,,
133°13′58″,標高点　,　,,,,
ひばやま<たてえぼしやま>,,,,,,
比婆山<立烏帽子山>,広島県,中国山地中部,1299m,35°03′06″,,
133°03′56″,標高点　,比婆山の最高峰　,,,,
ひばやま<えぼしやま>,,,,,,
比婆山<烏帽子山>,広島県 島根県,中国山地中部,1225m,35°04′12″,,
133°03′08″,烏帽子山　,　,,,,
さるまさやま,,,,,,
猿政山,島根県 広島県,中国山地中部,1268m,35°04′53″,,
132°58′04″,猿政山　,　,,,,
おおよろぎやま,,,,,,
大万木山,島根県 広島県,中国山地中部,1218m,35°05′15″,,
132°51′16″,大万木山　,　,,,,
ことびきさん（みせん）,,,,,,
琴引山（弥山）,島根県,中国山地中部,1013m,35°02′53″,,
132°46′57″,琴引山　,　,,,,
さんべさん<おさんべさん>,,,,,,
三瓶山<男三瓶山>,島根県,中国山地中部,1126m,35°08′26″,,
132°37′18″,三瓶山　,　,,,,
おおえたかやま,,,,,,
大江高山,島根県,中国山地中部,808m,35°03′50″,,
132°25′43″,大江高山　,　,,,,
ほしのこやま,,,,,,
星居山,広島県,吉備高原西部,834m,34°44′53″,,
133°13′18″,星居山　,Ｈ18三角点標高改測　,,,,
だけやま,,,,,,
岳山,広島県,吉備高原西部,741m,34°38′56″,,
133°09′24″,標高点　,　,,,,
りゅうおうさん,,,,,,
龍王山,広島県,吉備高原西部,665m,34°27′21″,,
133°05′00″,八幡竜王山　,　,,,,
たかのすざん,,,,,,
鷹ノ巣山,広島県,吉備高原西部,922m,34°33′58″,,
132°44′46″,鷹巣山　,　,,,,
しらきやま,,,,,,
白木山,広島県,吉備高原西部,889m,34°31′17″,,
132°34′32″,白木山　,　,,,,
ごさそうざん,,,,,,
呉娑々宇山,広島県,吉備高原西部,682m,34°25′22″,,
132°32′52″,五八霜山　,　,,,,
のろさん（ぜんだなやま）,,,,,,
野呂山（膳棚山）,広島県,吉備高原西部,839m,34°15′44″,,
132°39′58″,野呂山　,　,,,,
かんざん,,,,,,
冠山,島根県,中国山地西部,863m,34°55′03″,,
132°30′07″,標高点　,こうぶりやま　,,,,
あさやま,,,,,,
阿佐山,島根県 広島県,中国山地西部,1218m,34°47′09″,,
132°22′53″,阿佐山　,　,,,,
てんぐいしやま,,,,,,
天狗石山,島根県 広島県,中国山地西部,1192m,34°47′32″,,
132°20′34″,天狗山　,　,,,,
うんげつやま,,,,,,
雲月山,島根県 広島県,中国山地西部,911m,34°48′08″,,
132°14′20″,雲月山　,　,,,,
おおさやま,,,,,,
大佐山,島根県 広島県,中国山地西部,1069m,34°44′52″,,
132°12′05″,大佐山　,　,,,,
がりゅうざん,,,,,,
臥龍山,広島県,中国山地西部,1223m,34°41′24″,,
132°11′48″,苅尾山　,苅尾山（かりおさん）　,,,,
しんにゅうざん,,,,,,
深入山,広島県,中国山地西部,1153m,34°39′00″,,
132°12′24″,新入山　,　,,,,
おそらかんざん,,,,,,
恐羅漢山,島根県 広島県,中国山地西部,1346m,34°35′44″,,
132°07′47″,羅漢　,　,,,,
じっぽうざん,,,,,,
十方山,広島県,中国山地西部,1328m,34°33′55″,,
132°08′32″,標高点　,　,,,,
おおみねやま,,,,,,
大峯山,広島県,中国山地西部,1050m,34°24′57″,,
132°13′01″,測定点　,　,,,,
かんむりやま,,,,,,
冠山,広島県,中国山地西部,1339m,34°28′07″,,
132°04′34″,冠山　,　,,,,
じゃくちさん,,,,,,
寂地山,山口県 島根県,中国山地西部,1337m,34°28′02″,,
132°03′16″,標高点　,　,,,,
あぞうじやま,,,,,,
安蔵寺山,島根県,中国山地西部,1263m,34°28′38″,,
131°58′02″,杉山　,　,,,,
こごろうさん,,,,,,
小五郎山,山口県,中国山地西部,1162m,34°25′01″,,
132°00′31″,小五郎　,　,,,,
らかんざん,,,,,,
羅漢山,山口県,中国山地西部,1109m,34°21′20″,,
132°04′02″,羅漢山　,　,,,,
すずのおおたにやま,,,,,,
鈴ノ大谷山,島根県,中国山地西部,1036m,34°22′36″,,
131°50′21″,大谷山　,　,,,,
へいけがだけ,,,,,,
平家ヶ岳,島根県 山口県,中国山地西部,1066m,34°19′06″,,
131°53′59″,平家岳　,　,,,,
ばふんがだけ,,,,,,
馬糞ヶ岳,山口県,中国山地西部,985m,34°15′02″,,
131°53′47″,馬糞ケ岳　,　,,,,
あざみがだけ,,,,,,
莇ヶ岳,山口県,中国山地西部,1004m,34°19′57″,,
131°46′40″,小河内　,　,,,,
あおのやま,,,,,,
青野山,島根県,中国山地西部,907m,34°27′44″,,
131°47′53″,青野山　,Ｈ26三角点標高改訂　,,,,
とくさがみね,,,,,,
十種ヶ峰,山口県 島根県,中国山地西部,989m,34°26′18″,,
131°41′43″,徳佐ケ峰　,　,,,,
こうやま,,,,,,
高山,山口県,中国山地西部,533m,34°39′08″,,
131°36′48″,高山　,　,,,,
にしほうべんざん,,,,,,
西鳳翩山,山口県,中国山地西部,742m,34°12′39″,,
131°24′34″,西方便　,　,,,,
おおひらやま,,,,,,
大平山,山口県,中国山地西部,631m,34°04′24″,,
131°37′49″,牟礼山　,　,,,,
かつらぎさん,,,,,,
桂木山,山口県,中国山地西部,702m,34°18′19″,,
131°18′10″,四城ケ岳　,　,,,,
はなおやま,,,,,,
花尾山,山口県,中国山地西部,669m,34°17′02″,,
131°13′16″,花尾山　,　,,,,
てんじょうがだけ,,,,,,
天井ヶ岳,山口県,中国山地西部,691m,34°18′40″,,
131°02′34″,天上ケ岳　,　,,,,
くるそんざん（おだけ）,,,,,,
狗留孫山（御岳）,山口県,中国山地西部,616m,34°12′53″,,
130°58′35″,狗留孫山　,　,,,,
りゅうおうざん,,,,,,
竜王山,山口県,中国山地西部,614m,34°04′06″,,
130°56′09″,吉見竜王山　,　,,,,
けんそざん<ほしがじょうやま>,,,,,,
嶮岨山<星ヶ城山>,香川県,瀬戸内海（小豆島）,816m,34°30′55″,,
134°19′03″,星ケ城山　,Ｈ26三角点標高改訂　,,,,
くまがみね,,,,,,
熊ヶ峰,広島県,瀬戸内海（福山南部）,438m,34°26′00″,,
133°22′06″,保ケ迫　,　,,,,
わしがとうざん,,,,,,
鷲ヶ頭山,愛媛県,瀬戸内海（大三島）,436m,34°14′21″,,
133°01′17″,鷲頭山　,Ｈ26三角点標高改訂　,,,,
みせん,,,,,,
弥山,広島県,瀬戸内海（厳島）,535m,34°16′46″,,
132°19′10″,測定点　,Ｈ17現地計測による標高改訂　,,,,
おおざさん,,,,,,
皇座山,山口県,瀬戸内海（柳井市南方）,526m,33°51′11″,,
132°08′32″,室津山　,Ｈ26三角点標高改訂　,,,,
ごけんざん（やくりやま）,,,,,,
五剣山（八栗山）,香川県,讃岐山地とその周辺,375m,34°21′40″,,
134°08′29″,標高点　,　,,,,
おおひらやま,,,,,,
大平山,香川県,讃岐山地とその周辺,479m,34°19′47″,,
133°57′09″,新居　,　,,,,
いいのやま（さぬきふじ）,,,,,,
飯野山（讃岐富士）,香川県,讃岐山地とその周辺,422m,34°16′28″,,
133°50′45″,飯野山　,　,,,,
ぞうずさん<おおさやま>,,,,,,
象頭山<大麻山>,香川県,讃岐山地とその周辺,616m,34°11′48″,,
133°47′19″,大麻山　,　,,,,
やはずやま,,,,,,
矢筈山,香川県,讃岐山地とその周辺,789m,34°11′39″,,
134°11′48″,標高点　,　,,,,
おおたきやま,,,,,,
大滝山,香川県 徳島県,讃岐山地とその周辺,946m,34°07′24″,,
134°07′37″,標高点　,　,,,,
りゅうおうざん,,,,,,
竜王山,徳島県 香川県,讃岐山地とその周辺,1060m,34°06′56″,,
134°02′54″,阿波竜王　,　,,,,
だいせんざん,,,,,,
大川山,徳島県 香川県,讃岐山地とその周辺,1043m,34°06′55″,,
133°56′23″,大川山　,　,,,,
うんぺんじさん,,,,,,
雲辺寺山,香川県 徳島県,讃岐山地とその周辺,927m,34°02′07″,,
133°43′23″,標高点　,　,,,,
ひがしさんぽうがもり,,,,,,
東三方ヶ森,愛媛県,高縄山地,1233m,33°54′10″,,
132°57′35″,赤子谷　,　,,,,
たかなわさん,,,,,,
高縄山,愛媛県,高縄山地,986m,33°56′45″,,
132°51′00″,高縄山　,　,,,,
びざん,,,,,,
眉山,徳島県,四国山地東部,290m,34°03′40″,,
134°30′59″,標高点　,　,,,,
なかつみねやま,,,,,,
中津峰山,徳島県,四国山地東部,773m,33°57′45″,,
134°30′34″,中津峰　,　,,,,
たいりゅうじやま,,,,,,
太竜寺山,徳島県,四国山地東部,618m,33°52′27″,,
134°31′11″,標高点　,　,,,,
こうつざん,,,,,,
高越山,徳島県,四国山地東部（剣山地）,1133m,34°01′02″,,
134°11′45″,標高点　,　,,,,
くもそうやま,,,,,,
雲早山,徳島県,四国山地東部（剣山地）,1496m,33°54′21″,,
134°17′41″,雲早山　,　,,,,
やつらやま,,,,,,
八面山,徳島県,四国山地東部（剣山地）,1312m,33°55′24″,,
134°05′59″,八面山　,　,,,,
つるぎさん,,,,,,
剣山,徳島県,四国山地東部（剣山地）,1955m,33°51′13″,,
134°05′39″,剣山　,　,,,,
つるぎさん<まるざさやま>,,,,,,
剣山<丸笹山>,徳島県,四国山地東部（剣山地）,1712m,33°52′27″,,
134°05′24″,丸笹山　,　,,,,
とうのまる,,,,,,
塔丸,徳島県,四国山地東部（剣山地）,1713m,33°52′01″,,
134°02′21″,塔丸　,　,,,,
やはずさん,,,,,,
矢筈山,徳島県,四国山地東部（剣山地）,1849m,33°55′30″,,
133°58′30″,矢筈山　,Ｈ21三角点改測　,,,,
なかつざん,,,,,,
中津山,徳島県,四国山地東部（剣山地）,1447m,33°55′29″,,
133°50′39″,中津山　,　,,,,
くにみざん,,,,,,
国見山,徳島県,四国山地東部（剣山地）,1409m,33°54′27″,,
133°47′05″,国見山　,　,,,,
てんぐづか,,,,,,
天狗塚,徳島県,四国山地東部（剣山地）,1812m,33°49′37″,,
133°56′36″,標高点　,　,,,,
みうね,,,,,,
三嶺,徳島県 高知県,四国山地東部（剣山地）,1894m,33°50′22″,,
133°59′16″,三嶺　,さんれい　Ｈ26三角点標高改訂　,,,,
しらがやま,,,,,,
白髪山,高知県,四国山地東部（剣山地）,1770m,33°48′36″,,
133°59′35″,白髪山　,　,,,,
いしたてざん,,,,,,
石立山,徳島県 高知県,四国山地東部（剣山地）,1708m,33°47′05″,,
134°03′18″,石立山　,　,,,,
かじがもり,,,,,,
梶ヶ森,高知県,四国山地東部,1400m,33°45′33″,,
133°45′05″,大兀森　,　,,,,
じんきちもり,,,,,,
甚吉森,徳島県 高知県,四国山地東部,1423m,33°41′41″,,
134°06′36″,甚吉森　,　,,,,
てんぐもり,,,,,,
天狗森,高知県,四国山地東部,1296m,33°37′08″,,
134°04′04″,天狗森　,Ｈ26三角点標高改訂　,,,,
かねがりゅうもり,,,,,,
鐘ヶ龍森,高知県,四国山地東部,1126m,33°32′49″,,
134°04′55″,鐘ケ竜　,　,,,,
くいしやま,,,,,,
工石山,高知県,四国山地西部,1516m,33°51′20″,,
133°34′48″,仁尾ケ内山　,奥工石山（おくくいしやま）　,,,,
しらがやま,,,,,,
白髪山,高知県,四国山地西部,1469m,33°48′58″,,
133°35′27″,上関　,Ｈ26三角点標高改訂　,,,,
いなむらやま,,,,,,
稲叢山,高知県,四国山地西部,1506m,33°44′49″,,
133°21′33″,稲村ケ台　,　,,,,
くいしやま,,,,,,
工石山,高知県,四国山地西部,1177m,33°40′11″,,
133°30′22″,標高点　,　,,,,
あかぼしやま,,,,,,
赤星山,愛媛県,四国山地西部（石鎚山地）,1453m,33°55′10″,,
133°27′29″,赤星山　,　,,,,
ひがしあかいしやま,,,,,,
東赤石山,愛媛県,四国山地西部（石鎚山地）,1706m,33°52′30″,,
133°22′30″,赤石　,　,,,,
ささがみね,,,,,,
笹ヶ峰,愛媛県 高知県,四国山地西部（石鎚山地）,1860m,33°49′41″,,
133°16′29″,笹ケ峰　,Ｈ26三角点標高改訂　,,,,
いよふじ,,,,,,
伊予富士,愛媛県 高知県,四国山地西部（石鎚山地）,1756m,33°47′17″,,
133°14′53″,伊予富士　,　,,,,
かめがもり,,,,,,
瓶ヶ森,愛媛県,四国山地西部（石鎚山地）,1897m,33°47′41″,,
133°11′36″,亀ケ森　,Ｈ26三角点標高改訂　,,,,
いしづちさん<てんぐだけ>,,,,,,
石鎚山<天狗岳>,愛媛県,四国山地西部（石鎚山地）,1982m,33°46′04″,,
133°06′54″,標高点　,　,,,,
にのもり,,,,,,
二ノ森,愛媛県,四国山地西部（石鎚山地）,1930m,33°45′31″,,
133°05′38″,面河山　,Ｈ22三角点標高改測　,,,,
つつじょうざん,,,,,,
筒上山,愛媛県 高知県,四国山地西部（石鎚山地）,1860m,33°43′55″,,
133°09′40″,筒城山　,Ｈ26三角点標高改訂　,,,,
いしずみさん,,,,,,
石墨山,愛媛県,四国山地西部,1456m,33°44′02″,,
132°59′05″,石墨山　,　,,,,
しょうじやま,,,,,,
障子山,愛媛県,四国山地西部,885m,33°42′19″,,
132°45′55″,障子山　,　,,,,
つぼがみやま,,,,,,
壺神山,愛媛県,四国山地西部,971m,33°36′20″,,
132°33′17″,壺神山　,　,,,,
いずしやま,,,,,,
出石山,愛媛県,四国山地西部,812m,33°32′06″,,
132°27′55″,標高点　,　,,,,
かんなんざん,,,,,,
神南山,愛媛県,四国山地西部,710m,33°31′03″,,
132°37′58″,神南山　,　,,,,
ございしょざん,,,,,,
御在所山,愛媛県,四国山地西部,915m,33°20′38″,,
132°45′21″,標高点　,　,,,,
かさとりやま,,,,,,
笠取山,愛媛県,四国山地西部,1562m,33°33′20″,,
132°55′21″,笠取山　,　,,,,
なかつさん（みょうじんさん）,,,,,,
中津山（明神山）,愛媛県 高知県,四国山地西部,1541m,33°34′32″,,
133°02′48″,中津明神山　,　,,,,
いらずやま,,,,,,
不入山,高知県,四国山地西部,1336m,33°26′27″,,
133°03′47″,不入山　,　,,,,
ばんだがもり,,,,,,
蟠蛇森,高知県,四国山地西部,770m,33°26′28″,,
133°15′34″,万朶森　,Ｈ26三角点標高改訂　,,,,
すずがもり,,,,,,
鈴ヶ森,高知県,四国山地西部,1054m,33°21′23″,,
133°03′04″,鈴ケ森　,　,,,,
ございしょのみね,,,,,,
五在所ノ峯,高知県,四国山地西部,658m,33°10′38″,,
133°09′03″,五在所森　,　,,,,
どうがもり,,,,,,
堂が森,高知県,四国山地西部,857m,33°09′36″,,
132°52′36″,堂ケ森　,　,,,,
たかつきやま,,,,,,
高月山,愛媛県,四国山地西部,1229m,33°12′31″,,
132°38′05″,高月　,　,,,,
さんぼんぐい,,,,,,
三本杭,愛媛県,四国山地西部,1226m,33°11′18″,,
132°38′07″,滑床山　,　,,,,
ささやま,,,,,,
篠山,愛媛県 高知県,四国山地西部,1065m,33°03′21″,,
132°39′33″,篠山　,　,,,,
いまのやま,,,,,,
今ノ山,高知県,四国山地西部,868m,32°51′27″,,
132°51′01″,標高点　,　,,,,
あだちやま（きりがたけ）,,,,,,
足立山（霧ヶ岳）,福岡県,筑紫山地,598m,33°51′34″,,
130°55′02″,霧ケ岳　,　,,,,
ぬきさん,,,,,,
貫山,福岡県,筑紫山地,712m,33°46′50″,,
130°54′34″,貫山　,　,,,,
ふくちやま,,,,,,
福智山,福岡県,筑紫山地,901m,33°44′32″,,
130°48′14″,福智山　,　,,,,
いぬがたけ,,,,,,
犬ヶ岳,大分県 福岡県,筑紫山地,1131m,33°30′44″,,
131°00′06″,犬ケ岳　,カメノオ　,,,,
ひこさん,,,,,,
英彦山,福岡県 大分県,筑紫山地,1199m,33°28′34″,,
130°55′34″,英彦山　,Ｈ26三角点標高改訂　,,,,
うまみやま,,,,,,
馬見山,福岡県,筑紫山地,978m,33°29′11″,,
130°46′04″,馬見山　,　,,,,
いぬなきやま（くまがしろ）,,,,,,
犬鳴山（熊ヶ城）,福岡県,筑紫山地,584m,33°41′14″,,
130°32′57″,熊ケ城　,いんなきやま　,,,,
さんぐんざん,,,,,,
三郡山,福岡県,筑紫山地,936m,33°33′20″,,
130°35′02″,三郡山　,　,,,,
きざん,,,,,,
基山,佐賀県,筑紫山地,404m,33°26′34″,,
130°30′37″,防住山　,　,,,,
せふりさん,,,,,,
脊振山,福岡県 佐賀県,筑紫山地,1055m,33°26′11″,,
130°22′07″,脊振山　,　,,,,
うきだけ,,,,,,
浮嶽,福岡県 佐賀県,筑紫山地,805m,33°28′12″,,
130°05′57″,浮岳　,　,,,,
てんざん,,,,,,
天山,佐賀県,筑紫山地,1046m,33°20′20″,,
130°08′34″,天山　,　,,,,
ふたごさん,,,,,,
両子山,大分県,国東半島,720m,33°34′59″,,
131°36′06″,両子山　,　,,,,
かならせやま,,,,,,
鹿嵐山,大分県,阿蘇・くじゅうとその周辺,758m,33°26′05″,,
131°15′10″,鹿嵐山　,　,,,,
つるみだけ,,,,,,
鶴見岳,大分県,阿蘇・くじゅうとその周辺,1375m,33°17′12″,,
131°25′47″,鶴見岳　,　,,,,
ゆふだけ（ぶんごふじ）,,,,,,
由布岳（豊後富士）,大分県,阿蘇・くじゅうとその周辺,1583m,33°16′56″,,
131°23′25″,油布山　,　,,,,
はねやま,,,,,,
万年山,大分県,阿蘇・くじゅうとその周辺,1140m,33°13′53″,,
131°07′50″,羽根山　,　,,,,
わいたざん,,,,,,
涌蓋山,大分県,阿蘇・くじゅうとその周辺,1500m,33°08′24″,,
131°09′52″,涌蓋山　,　,,,,
くじゅうれんざん<なかだけ>,,,,,,
くじゅう連山<中岳>,大分県,阿蘇・くじゅうとその周辺,1791m,33°05′09″,,
131°14′56″,標高点　,　,,,,
くじゅうれんざん<くろだけ>,,,,,,
くじゅう連山<黒岳>,大分県,阿蘇・くじゅうとその周辺,1587m,33°06′20″,,
131°17′34″,標高点　,　,,,,
くじゅうれんざん<たいせんざん>,,,,,,
くじゅう連山<大船山>,大分県,阿蘇・くじゅうとその周辺,1786m,33°05′42″,,
131°16′50″,大船山　,　,,,,
くじゅうれんざん<みまたやま>,,,,,,
くじゅう連山<三俣山>,大分県,阿蘇・くじゅうとその周辺,1744m,33°06′14″,,
131°14′47″,三俣山　,Ｈ24三角点改測　,,,,
くじゅうれんざん<ほっしょうざん>,,,,,,
くじゅう連山<星生山>,大分県,阿蘇・くじゅうとその周辺,1762m,33°05′27″,,
131°13′57″,標高点　,　,,,,
くじゅうれんざん<くじゅうさん>,,,,,,
くじゅう連山<久住山>,大分県,阿蘇・くじゅうとその周辺,1787m,33°04′56″,,
131°14′27″,久住山　,　,,,,
あそさん<たかだけ>,,,,,,
阿蘇山<高岳>,熊本県,阿蘇・くじゅうとその周辺,1592m,32°53′04″,,
131°06′14″,高岳　,　,,,,
あそさん<ねこだけ>,,,,,,
阿蘇山<根子岳（猫岳）>,熊本県,阿蘇・くじゅうとその周辺,1433m,32°53′01″,,
131°08′40″,標高点　,　,,,,
あそさん<なかだけ>,,,,,,
阿蘇山<中岳>,熊本県,阿蘇・くじゅうとその周辺,1506m,32°53′01″,,
131°05′49″,標高点　,　,,,,
あそさん<きしまだけ>,,,,,,
阿蘇山<杵島岳>,熊本県,阿蘇・くじゅうとその周辺,1326m,32°53′33″,,
131°03′29″,標高点　,　,,,,
あそさん<えぼしだけ>,,,,,,
阿蘇山<烏帽子岳>,熊本県,阿蘇・くじゅうとその周辺,1337m,32°52′25″,,
131°03′29″,西烏帽子岳　,　,,,,
たかとりやま,,,,,,
鷹取山,福岡県,阿蘇・くじゅうとその周辺,802m,33°18′11″,,
130°43′22″,耳納山　,　,,,,
しゃかだけ,,,,,,
釈迦岳,大分県,阿蘇・くじゅうとその周辺,1231m,33°11′15″,,
130°53′21″,標高点　,　,,,,
しゅてんどうじやま,,,,,,
酒呑童子山,大分県,阿蘇・くじゅうとその周辺,1181m,33°05′49″,,
130°54′30″,兵戸山　,　,,,,
くにみやま,,,,,,
国見山,熊本県,阿蘇・くじゅうとその周辺,1018m,33°06′20″,,
130°49′03″,国見山　,　,,,,
つつがたけ,,,,,,
筒ヶ岳,熊本県,阿蘇・くじゅうとその周辺,501m,32°59′05″,,
130°31′39″,小代山　,　,,,,
きんぼうざん,,,,,,
金峰山,熊本県,阿蘇・くじゅうとその周辺,665m,32°48′51″,,
130°38′20″,金峰山　,　,,,,
くろかみざん,,,,,,
黒髪山,佐賀県,佐賀西部・長崎・島原,516m,33°12′50″,,
129°54′08″,標高点　,　,,,,
くにみやま,,,,,,
国見山,長崎県,佐賀西部・長崎・島原,776m,33°14′13″,,
129°48′46″,國見岳　,　,,,,
こくぞうざん,,,,,,
虚空蔵山,長崎県,佐賀西部・長崎・島原,609m,33°05′26″,,
129°55′17″,虚空蔵山　,　,,,,
たらだけ<きょうがだけ>,,,,,,
多良岳<経ヶ岳>,佐賀県 長崎県,佐賀西部・長崎・島原,1076m,32°59′15″,,
130°04′35″,京ノ岳　,　,,,,
たらだけ,,,,,,
多良岳,佐賀県,佐賀西部・長崎・島原,996m,32°58′32″,,
130°05′34″,標高点　,　,,,,
たらだけ<ごかはらだけ>,,,,,,
多良岳<五家原岳>,長崎県,佐賀西部・長崎・島原,1057m,32°57′29″,,
130°04′36″,仏ノ辻　,　,,,,
うんぜんだけ<ふげんだけ>,,,,,,
雲仙岳<普賢岳>,長崎県,佐賀西部・長崎・島原,1359m,32°45′36″,,
130°17′32″,普賢岳　,　,,,,
うんぜんだけ<へいせいしんざん>,,,,,,
雲仙岳<平成新山>,長崎県,佐賀西部・長崎・島原,1483m,32°45′41″,,
130°17′56″,標高点　,山頂名追加：Ｈ8関係自治体からの申請による　,,,,
ながうらだけ,,,,,,
長浦岳,長崎県,佐賀西部・長崎・島原,561m,32°54′49″,,
129°44′41″,長浦村　,　,,,,
はちろうだけ,,,,,,
八郎岳,長崎県,佐賀西部・長崎・島原,590m,32°40′13″,,
129°51′23″,八郎岳　,　,,,,
みたけ<おだけ>,,,,,,
御岳<雄岳>,長崎県,対馬,479m,34°34′19″,,
129°22′54″,標高点　,　,,,,
しらたけ,,,,,,
白嶽,長崎県,対馬,518m,34°15′51″,,
129°14′59″,標高点　,　,,,,
ありあけやま,,,,,,
有明山,長崎県,対馬,558m,34°12′16″,,
129°15′54″,有明山　,　,,,,
やたてやま,,,,,,
矢立山,長崎県,対馬,648m,34°10′39″,,
129°13′34″,矢立山　,Ｈ28三角点標高改訂　,,,,
さんのうざん（おだけ）,,,,,,
山王山（雄嶽）,長崎県,五島列島,439m,32°56′00″,,
129°03′11″,三王山　,　,,,,
ててがたけ,,,,,,
父ヶ岳,長崎県,五島列島,460m,32°41′54″,,
128°40′52″,父ケ岳　,Ｈ17三角点改測　,,,,
はいだてさん,,,,,,
佩楯山,大分県,九州山地,754m,32°57′11″,,
131°38′45″,佩立山　,　,,,,
かたむきやま,,,,,,
傾山,大分県,九州山地,1605m,32°50′20″,,
131°28′33″,測定点　,Ｈ16現地計測による標高改訂　,,,,
おおくえやま,,,,,,
大崩山,宮崎県,九州山地,1644m,32°44′16″,,
131°30′47″,測定点　,Ｈ16現地計測による標高改訂　,,,,
むかばきやま,,,,,,
行縢山,宮崎県,九州山地,830m,32°37′33″,,
131°34′20″,行騰山　,　,,,,
そぼさん,,,,,,
祖母山,大分県 宮崎県,九州山地,1756m,32°49′41″,,
131°20′49″,祖母山　,　,,,,
ふるそぼさん,,,,,,
古祖母山,大分県 宮崎県,九州山地,1633m,32°48′10″,,
131°21′52″,古祖母山　,　,,,,
もろつかやま,,,,,,
諸塚山,宮崎県,九州山地,1342m,32°38′05″,,
131°17′15″,諸塚山　,　,,,,
むこうざかやま,,,,,,
向坂山,熊本県 宮崎県,九州山地,1685m,32°34′47″,,
131°06′18″,向坂　,Ｈ14三角点改測　,,,,
くにみだけ,,,,,,
国見岳,熊本県 宮崎県,九州山地,1739m,32°32′50″,,
131°01′06″,国見岳　,大国見（おおくるみ）　,,,,
かみふくねやま,,,,,,
上福根山,熊本県,九州山地,1646m,32°28′24″,,
130°56′49″,上福根　,Ｈ26三角点標高改訂　,,,,
えしろやま（つのだけ）,,,,,,
江代山（津野岳）,熊本県 宮崎県,九州山地,1607m,32°22′14″,,
131°04′34″,都野岳　,　,,,,
いちふさやま,,,,,,
市房山,熊本県 宮崎県,九州山地,1721m,32°18′42″,,
131°06′04″,市房山　,　,,,,
いしどうやま,,,,,,
石堂山,宮崎県,九州山地,1547m,32°18′01″,,
131°10′04″,石堂山　,　,,,,
おすずやま,,,,,,
尾鈴山,宮崎県,九州山地,1405m,32°17′57″,,
131°25′36″,尾鈴山　,　,,,,
のけえぼしやま,,,,,,
仰烏帽子山,熊本県,九州山地,1302m,32°22′17″,,
130°46′40″,仰烏帽子　,のげぼしやま　,,,,
しらがだけ,,,,,,
白髪岳,熊本県,九州山地,1417m,32°09′01″,,
130°56′36″,白髪岳　,　,,,,
くにみやま,,,,,,
国見山,熊本県,九州山地,969m,32°11′16″,,
130°36′51″,国見山　,　,,,,
やはずだけ,,,,,,
矢筈岳,熊本県 鹿児島県,九州山地,687m,32°07′22″,,
130°24′02″,矢筈岳　,　,,,,
しびさん（じょうぐさん）,,,,,,
紫尾山（上宮山）,鹿児島県,九州山地,1067m,31°58′51″,,
130°22′03″,標高点　,　,,,,
わにつかやま,,,,,,
鰐塚山,宮崎県,九州南部,1118m,31°46′08″,,
131°16′10″,鰐ノ塚　,　,,,,
きりしまやま<からくにだけ>,,,,,,
霧島山<韓国岳>,宮崎県 鹿児島県,九州南部,1700m,31°56′03″,,
130°51′42″,西霧島山　,　,,,,
きりしまやま<しんもえだけ>,,,,,,
霧島山<新燃岳>,宮崎県 鹿児島県,九州南部,1421m,31°54′34″,,
130°53′11″,新燃　,　,,,,
きりしまやま<たかちほのみね>,,,,,,
霧島山<高千穂峰>,宮崎県,九州南部,1574m,31°53′11″,,
130°55′08″,高千穂峰　,Ｈ26三角点標高改訂　,,,,
たかくまやま<おおのがらだけ>,,,,,,
高隈山<大箆柄岳>,鹿児島県,九州南部,1236m,31°29′10″,,
130°49′07″,大箆柄　,　,,,,
たかくまやま<おんたけ>,,,,,,
高隈山<御岳>,鹿児島県,九州南部,1182m,31°27′37″,,
130°49′14″,高隈山　,　,,,,
ほよしだけ,,,,,,
甫与志岳,鹿児島県,九州南部,967m,31°15′51″,,
130°59′24″,甫与志岳　,　,,,,
いなおだけ,,,,,,
稲尾岳,鹿児島県,九州南部,930m,31°07′24″,,
130°53′05″,標高点　,　,,,,
おんたけ（きただけ）,,,,,,
御岳（北岳）,鹿児島県,九州南部（桜島）,1117m,31°35′33″,,
130°39′24″,標高点　,　,,,,
やえやま,,,,,,
八重山,鹿児島県,九州南部,677m,31°44′04″,,
130°26′54″,八重山　,　,,,,
かんむりだけ（にしだけ）,,,,,,
冠岳（西岳）,鹿児島県,九州南部,516m,31°44′55″,,
130°19′52″,西岳　,　,,,,
くまがたけ,,,,,,
熊ヶ岳,鹿児島県,九州南部,590m,31°27′19″,,
130°27′50″,清水　,　,,,,
きんぽうざん,,,,,,
金峯山,鹿児島県,九州南部,636m,31°28′04″,,
130°22′59″,金峰山　,　,,,,
のまだけ,,,,,,
野間岳,鹿児島県,九州南部,591m,31°24′16″,,
130°09′30″,野間岳　,　,,,,
かいもんだけ,,,,,,
開聞岳,鹿児島県,九州南部,924m,31°10′48″,,
130°31′42″,測定点　,　,,,,
くらだけ,,,,,,
倉岳,熊本県,天草諸島,682m,32°25′40″,,
130°19′37″,倉ケ嶽　,　,,,,
かどやま,,,,,,
角山,熊本県,天草諸島,526m,32°23′58″,,
130°05′38″,角岳　,　,,,,
おたけ,,,,,,
尾岳,鹿児島県,甑島列島,604m,31°43′23″,,
129°44′22″,下甑島　,　,,,,
あまめがくら,,,,,,
天女ヶ倉,鹿児島県,大隅諸島（種子島）,238m,30°44′37″,,
131°03′12″,鼻指　,　,,,,
いおうだけ,,,,,,
硫黄岳,鹿児島県,大隅諸島（薩摩硫黄島）,704m,30°47′35″,,
130°18′19″,硫黄島　,　,,,,
やぐらだけ,,,,,,
櫓岳,鹿児島県,大隅諸島（黒島）,622m,30°49′42″,,
129°56′15″,黒島　,　,,,,
ふるだけ,,,,,,
古岳,鹿児島県,大隅諸島（口永良部島）,657m,30°26′36″,,
130°13′02″,標高点　,　,,,,
みやのうらだけ,,,,,,
宮之浦岳,鹿児島県,大隅諸島（屋久島）,1936m,30°20′10″,,
130°30′15″,測定点　,　,,,,
ながただけ,,,,,,
永田岳,鹿児島県,大隅諸島（屋久島）,1886m,30°20′34″,,
130°29′33″,標高点　,　,,,,
もっちょむだけ,,,,,,
モッチョム岳,鹿児島県,大隅諸島（屋久島）,940m,30°15′24″,,
130°33′51″,標高点　,本冨岳（もっちょむだけ）　,,,,
まえだけ,,,,,,
前岳,鹿児島県,（口之島）,628m,29°58′05″,,
129°55′32″,口之島　,　,,,,
おんたけ,,,,,,
御岳,鹿児島県,（中之島）,979m,29°51′33″,,
129°51′25″,中之島Ⅱ　,　,,,,
おたけ,,,,,,
御岳,鹿児島県,（臥蛇島）,497m,29°54′11″,,
129°32′30″,臥蛇島　,　,,,,
おたけ,,,,,,
御岳,鹿児島県,（諏訪之瀬島）,796m,29°38′18″,,
129°42′50″,標高点　,Ｈ20地形図更新に伴う標高改訂　,,,,
みたけ,,,,,,
御岳,鹿児島県,（悪石島）,584m,29°27′54″,,
129°35′41″,悪石島　,　,,,,
いまきらだけ,,,,,,
イマキラ岳,鹿児島県,（宝島）,292m,29°08′40″,,
129°12′29″,宝島　,　,,,,
[よこあてじま],,,,,,
[横当島],鹿児島県,（横当島）,495m,28°48′03″,,
128°59′41″,横当島　,　,,,,
ゆわんだけ,,,,,,
湯湾岳,鹿児島県,奄美群島（奄美大島）,694m,28°17′46″,,
129°19′16″,湯湾岳　,　,,,,
いのかわだけ,,,,,,
井之川岳,鹿児島県,奄美群島（徳之島）,645m,27°46′43″,,
128°58′59″,井之川岳　,　,,,,
おおやま,,,,,,
大山,鹿児島県,奄美群島（沖永良部島）,240m,27°22′09″,,
128°34′00″,沖永良部島　,　,,,,
よなはだけ,,,,,,
与那覇岳,沖縄県,沖縄島,503m,26°43′01″,,
128°13′07″,標高点　,　,,,,
やえだけ,,,,,,
八重岳,沖縄県,沖縄島,453m,26°38′08″,,
127°55′42″,八重岳　,Ｈ19三角点標高改訂　,,,,
おんなだけ,,,,,,
恩納岳,沖縄県,沖縄島,363m,26°28′46″,,
127°52′29″,恩納岳　,　,,,,
おもとだけ,,,,,,
於茂登岳,沖縄県,八重山列島（石垣島）,526m,24°25′38″,,
124°11′00″,測定点　,　,,,,
こみだけ,,,,,,
古見岳,沖縄県,八重山列島（西表島）,469m,24°21′33″,,
123°53′28″,高那岳　,　,,,,
うらぶだけ,,,,,,
宇良部岳,沖縄県,八重山列島（与那国島）,231m,24°27′10″,,
123°00′20″,宇良部岳　,　,,,,